05-050305TM,d977a2a1c7ff2c7626e58b56608b576c
01-010011A,ae27fc882f05d43ab342255b8a6f6ca6
01-010050TP,821d617ccb748bee004129e886366b23
01-010035A,41719c71caba7b1e33163ba72bfe84aa
03-030029A,d977a2a1c7ff2c7626e58b56608b576c
05-050207TC,d977a2a1c7ff2c7626e58b56608b576c
01-010050TM,8e8f4ea7d0efe7065f4aa179c66a5993
01-010059A,982abdfb128be3258e25ceb275c1f467
03-030005A,2af0cb07e0e1f294f110e85e40af40be
05-050305TC,13630f8ea748eb39213fb6ef801fd380
03-030002TM,68fba60e2cca78b4f1b22605e4d9e707
05-050301A,2ae1f19395183ed5b2388788b0763313
03-030002TP,0f9a1c1cfdfc9befc9e561a076311396
04-040010TC,8ad39b91ea361be147e998cfa0af63da
01-010061TC,8b1882bbbc790866be7a7bea221940bc
05-050207TP,6823801810e55ff4c050f38a91e4ee75
915-150012A,4b44cb446163485ebb0b311da4abdcc6
05-050305TP,055fecd33eb5761f774217967e6b2550
05-0709-070921BTP,05b9491f51ef494cb7e34dadbef1270e
01-010010A,1dfddbe8ec17d0c3a0d176447184906c
01-080101-010079A,d7d44ab9aed13b5a6a7af1cc3e8e12d0
03-030059TC,7ccfd08103366b1754e18e84178334ea
01-010058A,d977a2a1c7ff2c7626e58b56608b576c
03-030028A,1372b4c3fa01cd70dba5e65b6abf1f92
05-050316TC,3962fd7b709886f150bd31bb3b07ca9e
03-030059TP,6dbe4475ebe41b74ec835be0278c2930
03-030059TM,ce834d9c5c9c45553a3d3d0aebe8f6ce
03-030013TP,f2767735e96a417a31f77a51c098631a
01-010050TC,0b806737ac696a894d996b6499d5d1a8
05-050302A,3ab600f8362b7bcfde638b88e63a8edf
02-020005TC,d977a2a1c7ff2c7626e58b56608b576c
05-0709-070921BTC,5852ad166ec6983e1f7c2f03b75d3bd2
03-030004A,4f28fb248e974767ac37a0dceefd7331
915-150011A,53fe8e276ff06c3fd44492c69d21f244
05-050316TP,e5cfcd4b711511c2aa6cacf2c915a266
915-150018TP,0993f7a58024c6a48ac3ce721114a5c8
03-02010301-030102A,d977a2a1c7ff2c7626e58b56608b576c
915-150018TM,3f22b180f8c5118737028e2efba3aa45
01-010057A,d977a2a1c7ff2c7626e58b56608b576c
03-030026TC,d977a2a1c7ff2c7626e58b56608b576c
03-030027A,444c2768363eeade78aed2f21321f4b6
902-0204-02040101ATP,nuevo
03-030026TP,d977a2a1c7ff2c7626e58b56608b576c
05-0709-070908TC,5400dab8b05a98ab638b37351beb6afa
05-050105A,d977a2a1c7ff2c7626e58b56608b576c
902-0204-02040102BTC,bf98cae3e912504cdd2acd8b756f511b
03-030003A,11556717fe7353df94c6e8955ff40904
915-150010A,b326cf6b243488c55c059f20fb6345a4
03-02010301-030101A,d977a2a1c7ff2c7626e58b56608b576c
915-150018TC,a56d0a49802668923272ffd81f20ec30
915-150007TP,61fbcac4a0e40b79503dbfe09a088dbc
01-010063TP,e7f908c55a61b9f4c5f7a987985fd925
01-010032A,b825d7fc60468d4b94f6f1779136f2c2
915-150007TM,6c894387e4343caaa722bdb22cc24fb6
01-010063TM,1a6e4967b8ad4e3060d15835ec792907
01-010056A,19d3687039c1d0794bced9bee99cfc0a
902-0204-02040102BTP,e3cc41078d9f0db3f5b37484ef5b21fe
01-010074TC,09ecd661d724a2aad45dafbb1c481fb7
04-040012TM,e021118948136fc1197f1b99869af114
05-0709-070908TM,0f2b5a283bbd0fa2e6f4d204e75a45fb
03-030026A,d977a2a1c7ff2c7626e58b56608b576c
03-030002TC,72c746904bc6a3638b39bd2bcc1d99fb
05-0709-070908TP,c66752fff0d24cd595df16cead8321f4
03-030002A,2eb63d160fd980ad3e2ffc90cca9aa65
03-02010301-030100A,d977a2a1c7ff2c7626e58b56608b576c
915-150007TC,49747575b2941f2d7b203570ce685586
04-040012TP,aa6023d3e7637d463a25b4fe3c97f827
01-010031A,754d5bd22200eb2bd1170b997b74e0c8
01-010052TP,70cd704c5e9a038218ced07462600740
905-9050607-905060702TM,de587608272e7642fea45dc6a4eec7b4
01-010055A,d977a2a1c7ff2c7626e58b56608b576c
01-010052TM,7d5b1d4c9d76911c7f0629c2bbc3b559
03-030049A,3e64bc6cd3ad95b52b13a1b4251093f6
05-050307TC,d977a2a1c7ff2c7626e58b56608b576c
05-050103A,d977a2a1c7ff2c7626e58b56608b576c
905-9050607-905060702TP,3ff638c668f8683b3239757c18b1bd75
03-030025A,d977a2a1c7ff2c7626e58b56608b576c
03-030057TC,d977a2a1c7ff2c7626e58b56608b576c
03-030001A,508c4b7f803246bcf6e5c5169d743a75
05-050307TP,d977a2a1c7ff2c7626e58b56608b576c
01-010063TC,8ddcd036d580247e0b740246cf2a0105
905-9050607-905060702TC,3e37fab3289964e163748ae1ae0dc5eb
01-010030A,d73b8c1d06f25b163d287f92760ebd71
01-010054A,ca9aff1d69b7f460385f6fdba5186a27
05-0709-070952TC,d977a2a1c7ff2c7626e58b56608b576c
01-010041TM,d977a2a1c7ff2c7626e58b56608b576c
05-0709-070952TP,d977a2a1c7ff2c7626e58b56608b576c
03-030057TP,d977a2a1c7ff2c7626e58b56608b576c
05-0709-070952TM,d977a2a1c7ff2c7626e58b56608b576c
05-050104A,d977a2a1c7ff2c7626e58b56608b576c
03-030068TC,ec99b9eec474ec81e6036048ab7b80e6
01-010052TC,1b294182deb035c333b2c1fdfcb81713
01-010030TP,3b4f4dd52c342f745f5103fbf9a362be
01-010053A,43145cb179e29513e0936e44ee9fd738
01-010076TP,b7d78c63edeadaad65afa9377b208b16
01-010077A,d977a2a1c7ff2c7626e58b56608b576c
01-010030TM,163a2c95fdc0133f3182e4a2f5981be1
01-080101-010078A,6ae229a71515ce19ab2433b0a627246b
01-010076TM,01f6a80b5d60416bde4be18811327d12
05-050101A,a6a4ad04bd595317b0079bb650a01d78
04-040021TM,f82bd4a6ab8a9d362f159e5f849a581a
03-030047A,986cbc5ea93a511bc592e46313c92d0f
03-030035TC,8c01015c6d4a29110278d4f246d3710f
01-110304-11030401A,d977a2a1c7ff2c7626e58b56608b576c
04-040021TP,a6802efafda307dedca9cd91fac20dbb
01-010041TC,d977a2a1c7ff2c7626e58b56608b576c
01-010052A,ff1e0c26dd62c99a3c3f84425115f9c7
915-150009TM,1a44f6d0f05186195bc181a560434d4d
01-010065TM,9d9599fe4b082dacd3c78b3092d2d689
01-010076A,d977a2a1c7ff2c7626e58b56608b576c
05-050102A,0fec58aacd6a62d325a1710fbf7dc0cf
03-030035TP,e589f06a1e31217e0180fa75ee1beadd
915-150009TP,d2e7587229c3885463b891d3614cc054
04-040021TC,96925422ed8dcd6c1e4a3565680a927b
04-040010TM,ee3e4de10c46cc607ae85f2e6657a31e
01-010076TC,2b19a64f9e45e2870e741e85f4618ef1
03-030046A,c178514aa30db127d45b21517258d0f8
915-150009TC,99142123935409b93c41af5ec368f9b2
04-040010TP,3209a352c438ba0e02c457eed5a5f4ce
01-010030TC,b16bc7b0749f43703e0dc648c43512c1
01-010054TM,8cef06adee08acc58c2564ba45a92776
05-050301TP,d7dc2244dcc7fecc58c0c3f61dbc3c9c
05-050301TM,d977a2a1c7ff2c7626e58b56608b576c
04-040014TC,87a5e69893d7f7e018944f9895caf1d9
05-050301TC,ffc1acb4f56a9e3a2b0a163ba14a7197
01-010054TP,61d5e3a01d9ea407a2d234c1825059bf
902-0204-02040102SA,807b34011e0250259a38031e6943c5b6
05-050309A,736157ad34d20b9c81f8fff54f9a9631
04-040003TP,65691ef982935fd3b44ba3dd108cd83f
01-010019A,d977a2a1c7ff2c7626e58b56608b576c
03-030055TC,d6f2a3364d836fb5b3d000c436cfe5f4
04-040003TM,8faa25e5191430c9e9919d991f82646a
01-110304-11030403A,d977a2a1c7ff2c7626e58b56608b576c
01-010043TM,7880cb33e90d0f0bb0dad5532b72c6d6
05-050312TP,506c015a866fcfd78105d0dad33e5604
05-0709-070954TC,d977a2a1c7ff2c7626e58b56608b576c
04-040003TC,73ad8a2aeacf9e3eeff989980e0e8450
05-050312TC,5d72b43503f22b39630f179807bb9baa
03-030055TP,974842103fe6dcd3736360bbf8539c5d
01-010018A,5ce2e528cdac2fe999b5381cc2c71816
03-030066TC,d977a2a1c7ff2c7626e58b56608b576c
01-010054TC,0ffb287847436932184298721cb34355
01-110304-11030402A,d977a2a1c7ff2c7626e58b56608b576c
01-010032TM,dbba37160eee312c9f519454243ffc1c
03-030068TP,a82f85d868da942fcbce92030bda4e62
01-080101-010079TC,0dde666fc88618c6ccd20c33addcc0a0
01-010032TP,d6659af1938f1d182c07fafb874de7ab
03-030068TM,65a14d1f4f59ffbb8338a7043bf3a01b
01-080101-010079TP,c6a0f0ebd273fc3e966145040c4da6db
05-0709-070954TP,d977a2a1c7ff2c7626e58b56608b576c
01-080101-010079TM,9d46672adaa196e3c5332680817805ac
05-050307A,d977a2a1c7ff2c7626e58b56608b576c
01-010017A,94e3bdce9575af42f713c012e310963c
03-030033TC,f6ae6f677bcb945b8020ab0e4040069d
01-010043TC,4eabe142441c98a110c9ee12d712cfe6
05-050007TC,b65a056e377dd16eedcda4f04a751251
01-110304-11030402TC,d977a2a1c7ff2c7626e58b56608b576c
03-030033TP,f84f3cb1d367d1116ddf89117591a918
05-050007TM,d977a2a1c7ff2c7626e58b56608b576c
01-110304-11030402TP,d977a2a1c7ff2c7626e58b56608b576c
03-02010301-030087TM,d977a2a1c7ff2c7626e58b56608b576c
05-050203TP,a8fdbc611b2e9f7c4c152c9ba817869a
05-050007TP,26775f8fb4f7818f49d5dc49b38a3129
05-050105TC,d977a2a1c7ff2c7626e58b56608b576c
05-050308A,ec4833957306512adf3cd6b652995fbb
05-050203TM,d977a2a1c7ff2c7626e58b56608b576c
04-040016TC,e6bcb2e1d0134c14259cc37457c02026
04-040021A,256ebcd7c18287ed9edb6e1583c0bb11
01-010016A,325ffea105db74838c2fae4cfd427ceb
04-040016TP,2e2f7ca96cc502c48c011200d1dbad96
01-010032TC,6cb11ea575974fd674255c7ac68bc67e
05-050105TP,d977a2a1c7ff2c7626e58b56608b576c
05-050203TC,3ae605d2b3b9c02b245e347ef8d76cca
01-110304-11030404A,d977a2a1c7ff2c7626e58b56608b576c
04-040016TM,9419ac7b14b927a35392df1206b662a5
01-010010TM,8875160051166fae04d0e9488275b867
01-010056TM,c4c5187e346d28891f3aa78ac4ae5d86
03-030042TP,d977a2a1c7ff2c7626e58b56608b576c
05-050303TP,3baf8294f342ef57a23dda7f24b84723
03-030042TM,d977a2a1c7ff2c7626e58b56608b576c
01-010015A,507ad324966b8b00a68bef55c36624a3
01-080101-010111TC,7cd32be38295453f72ce9f0c6bca9f03
04-040012TC,e366907f2668a31a23988aea7a08232d
05-050303TC,df06acf56eb967b330d5b4c870ed029f
01-010010TP,4e65e162b47d64c910d83758f34b32a5
01-010056TP,921d07a878630dca8ac2751f56c28f22
05-050305A,f8821589ef5fdd9120fbd2aff304eec0
04-040001TM,d977a2a1c7ff2c7626e58b56608b576c
04-040020A,5d5609353eeae82b410a70830095b5b7
05-0709-070906AA,1d10f1f6af396db708ccf4ee098150ca
01-010067TC,bbe42b101b0df60ce51714a09105540e
01-080101-010111TP,058ef1f09306e32acf608518bbc24dc3
01-080101-010111TM,aad9505a2dd0c8bc118c901a1a87b026
01-010045TM,a0e66fbb3a80f46243aa89c973e6aef5
05-050314TP,451d116ee64b5aa6bf3d70e50dc98460
902-0204-02040102STC,c0b1a12ad61033eb94a39e2570359792
03-030008A,7cd6cd009cd0d26730b7d958f6e267ec
01-010014A,4c3e0f8bf29b36495b9e39864bd6018a
05-0709-070910TC,8ef4cd605a3cf46667f8182712494327
05-0709-070910TM,8d7e340b825b66d5861497c1e780ddc2
01-010045TP,bab1a6d4f92a9f4f67eed11b1a18e537
05-050314TC,7c81ed8327f94681ddb71d7a034dd2ae
902-0204-02040101ATC,nuevo
05-050306A,781bbd8f0bd4f4011ad0c5aa657b3dfd
902-0204-02040102STP,3aaca972ed6b482233e0c25e5d20bf98
05-0709-070906BA,90d8ac6682832f94ac5098dfcf75478f
01-010056TC,1a49785ca7a983cca90a64e4bf74ea5e
902-0204-02040101ATM,5e654279ad72ebc7194dbe6176127b5c
03-030064TC,eb5b231454917e91b294f86e1de3deb9
01-010010TC,3a1b077eb8cc5f3043f3896f7ca524ee
03-030066TM,d977a2a1c7ff2c7626e58b56608b576c
01-010013A,28ddf52f7363e483276851739081bf42
03-030007A,579b7c35249992b5fac0d0589ce389a5
786ec56dea11e219899fc3f56cae75xx,e7d373c8d6954772ef5b1e1f2f669xxx
01-010037A,d977a2a1c7ff2c7626e58b56608b576c
03-030066TP,d977a2a1c7ff2c7626e58b56608b576c
05-050303A,f148727e7d1763d473f4e7d50a0d0537
05-0709-070910TP,3e431fb07fb0f6c9694ec63ca9dc0768
01-010045TC,161ae6edf106a7bc11dfb812c98f99d1
03-030077TC,d977a2a1c7ff2c7626e58b56608b576c
03-030031TC,bc913b77e26c919ce5e83c72446af737
03-030077TM,d977a2a1c7ff2c7626e58b56608b576c
01-010023TM,d977a2a1c7ff2c7626e58b56608b576c
03-030031TP,247432c01f15983b177c524b0e8197e4
01-010012A,ab1c9072542d8abe5e1e1f22e50d62e3
05-050009TC,fef84f93db9651d6600d6c8a708afce2
01-010036A,2b3c585c8b4dc91d91587e9174eddda7
03-030006A,2449228716b6538cd66d5bc8c14cf808
05-050009TM,0f005e63dde286f8e3058b771f9337b8
03-030077TP,d977a2a1c7ff2c7626e58b56608b576c
01-010023TP,d977a2a1c7ff2c7626e58b56608b576c
05-050205TP,c980546ac28c1898ef8532c6ac4dd9ad
05-050304A,e876d5ecab2c294d26cd82e36841d4e1
05-050009TP,d10fec61808a7040d47b8ca917d63023
05-050205TM,d977a2a1c7ff2c7626e58b56608b576c
04-040014TP,0defa52e30cb2325fa7a2ac126c3721d
03-030042TC,d977a2a1c7ff2c7626e58b56608b576c
05-050205TC,136010479b81bec4839cd44ca875e0da
04-040014TM,fca3f688af13cc97c5e08c9d3cdb5ec4
03-02010301-030089TM,d977a2a1c7ff2c7626e58b56608b576c
03-030063TP,a833233e2e03e593e2d30c2773f0fb79
01-010012TM,6f72271fbac9135f47f39e1c185853e0
01-080101-010091TP,57e7227348ca37d06fb92f906bf0bf2c
01-010058TP,d977a2a1c7ff2c7626e58b56608b576c
01-080101-010091TM,3485dcb96c4cad67ffca40b22f7a021a
01-010058TM,d977a2a1c7ff2c7626e58b56608b576c
04-040008A,3fd86bfe2420be3b8e76972fdbf8842b
01-010012TP,49b8257d7e012631306f79bbc7383138
03-030061A,33ee573ea2fb8cdd174636fb673e44d9
01-010023TC,d977a2a1c7ff2c7626e58b56608b576c
03-02010301-030086A,d977a2a1c7ff2c7626e58b56608b576c
05-050003TC,59e2c60c299b11bf1878b7c12928704b
03-030074TC,d977a2a1c7ff2c7626e58b56608b576c
03-030074TP,d977a2a1c7ff2c7626e58b56608b576c
01-010001TM,e0da85fbf144d836eaa8b23a5e44aef2
01-080101-010080TP,5bcd020a274afe997554847df684e400
01-010047TP,70335c931a1323a7763cd4277ff4b8ae
01-080101-010080TM,543e2e2fca2c06c72c9b1fbc905e1d38
03-02010301-030084TC,d977a2a1c7ff2c7626e58b56608b576c
01-010001TP,a0d51c73e4da80eb21f7cb57fa141c18
01-010047TM,3c39cc40a5d3c996803a1bbb7835e95b
03-02010301-030084TP,d977a2a1c7ff2c7626e58b56608b576c
03-030060A,bf66c3f71b1523f63f93e161406c105e
01-010012TC,b0afa51a454c8d4d9ba93d277c16298f
01-010058TC,d977a2a1c7ff2c7626e58b56608b576c
01-080101-010091TC,6954b707057466638bc105dedcc0ae2b
03-030041TP,1fcb884dfa833ae2e6509af7e5fcd840
03-90205-0205_007TP,nuevo
01-080101-010112TC,cffd45499a810de0f25ac3d2685385f7
01-010036TP,2cd0a6be21b02d907af0383f65e13411
03-02010301-030095TC,d977a2a1c7ff2c7626e58b56608b576c
01-010036TM,d276f3366d63f9fa05f5b21040d8e035
01-080101-010090A,d977a2a1c7ff2c7626e58b56608b576c
03-02010301-030095TP,d977a2a1c7ff2c7626e58b56608b576c
03-90205-0205_007TC,nuevo
03-02010301-030095TM,d977a2a1c7ff2c7626e58b56608b576c
01-010001TC,957af3352e8a4dc7f15c807407c60927
03-90205-0205_007TM,nuevo
01-010047TC,3e1fd2d2ccd1f1e2bed32ba5728c6491
01-080101-010112TP,6194526497ea8146c0bcf54290c99ade
03-02010301-030084A,d977a2a1c7ff2c7626e58b56608b576c
01-080101-010112TM,0e4158b3be5756e9866cace2776c8db4
01-010025TP,d977a2a1c7ff2c7626e58b56608b576c
05-050003TM,26a174eb39b463d9fb80104d5dee9319
01-010025TM,d977a2a1c7ff2c7626e58b56608b576c
05-050003TP,24268ba88e2f55a73e6dcfc6688432f6
01-010036TC,d1beb3371075575627c895782f2c38af
05-050101TP,70a8a24919664930809e813e115083b9
03-030063TC,8423c74b9eaa790c933873eaacb20804
03-030008TC,722647962e1c07b4709ac08560b2eed7
05-050201TC,a35b6184d00322ac983d6e46c8d3b739
03-030061TP,40c41c9b929b7d61a565902cad04a185
01-080101-010093TC,2591b93b7024a705fc9b214080dfa4e9
03-030061TM,9e394e4b39accb6709d3b58cb37dd7e0
915-150011TP,e854ca8a23b47c0d6e9010f4816e8974
01-010014TP,88bc7f9b6c246d481f723d5f4a016e76
01-080101-010093TP,5ec6c28ec65a384ead30772c61f21673
03-030008TM,d977a2a1c7ff2c7626e58b56608b576c
01-010014TM,5b2f128b2373f2f5d6943e4d792d8a95
905-9050607-905060701A,7e910355cac59aae9cdb5abe67f245c8
01-080101-010093TM,58f93650f452a3140fcbe8180689f0fc
03-030072TC,98b99e75a487d2501fa73cabb6cbfbae
05-050310TC,1adcf6dd01531097255d81652cf0e496
04-040004A,718c2acf358f8ccb2dabe4eed4d3a28f
03-02010301-030082A,d977a2a1c7ff2c7626e58b56608b576c
915-150011TC,08fee30ea443d574b66bedbbb56d1561
03-030008TP,245144099cfad5d5c42d95bfa67945b0
01-010025TC,d977a2a1c7ff2c7626e58b56608b576c
915-150011TM,6f20c78dbc6676815780eb9ecb83d509
03-030072TP,4183ab0db7a08c682ce11ed5151a5865
01-080101-010082TC,3da52398a5b631681ba87107e077b8ba
05-050310TP,f38ff71b4069d32deb4b7efc6c9a494b
03-030072TM,d977a2a1c7ff2c7626e58b56608b576c
01-010049TC,79963f24d68992368b951a0353a5642a
01-010049TP,bfb7a011b20a35d6c9a0d8ffa3efe1ac
01-010003TP,d977a2a1c7ff2c7626e58b56608b576c
01-080101-010082TP,afefd3a9e90a932e8cccb3ba8156117c
03-02010301-030086TC,d977a2a1c7ff2c7626e58b56608b576c
01-010003TM,d977a2a1c7ff2c7626e58b56608b576c
01-010049TM,e956c7a7df01a3d09562f57bb09129a4
01-080101-010082TM,e0c91f762db6d9274bd154b1b0717ac9
04-040003A,7741b7ed09595472064d877c3a04e492
03-02010301-030081A,d977a2a1c7ff2c7626e58b56608b576c
01-010014TC,cba6fa64597e12e7de6a2b637c7f89d5
03-02010301-030086TP,d977a2a1c7ff2c7626e58b56608b576c
902-0204-02040102AA,b51883c617f41dd3424c0017ff9d6f04
01-080101-010114TC,d977a2a1c7ff2c7626e58b56608b576c
05-0709-070902TC,78141aa3ad407c25ee10a705a2793344
03-02010301-030097TC,821a2831269b491dcfd3964c50848bce
04-040002A,d977a2a1c7ff2c7626e58b56608b576c
03-02010301-030097TM,2634a1798d1a3c6dfbcfd59bb211ad92
03-030050TC,3989a9f37c190561e137f6321909234a
01-080101-010114TP,d977a2a1c7ff2c7626e58b56608b576c
01-010003TC,d977a2a1c7ff2c7626e58b56608b576c
01-080101-010114TM,d977a2a1c7ff2c7626e58b56608b576c
01-080101-010080TC,fc05837719796bad0ef94ecf80c70f1d
01-010009A,dc06eb8455777656b48b3fc3a32a8e7f
03-02010301-030097TP,ad3e1f9c207b4cda9d8bbfa7d5a3ec28
03-030050TP,fe5c3db89b5a8f0aed71dcb838cc8fc9
05-050005TC,c90fc8532d13b2b346d3f832d1eadf70
04-040018TP,d977a2a1c7ff2c7626e58b56608b576c
01-010027TC,d977a2a1c7ff2c7626e58b56608b576c
01-010027TP,d977a2a1c7ff2c7626e58b56608b576c
05-050005TM,d977a2a1c7ff2c7626e58b56608b576c
01-010027TM,d977a2a1c7ff2c7626e58b56608b576c
05-050005TP,a76262f09e2bababef10048b7cf6b52e
905-9050607-905060702A,2b7ace009c184cf0272a47b51bbb0c02
03-030061TC,ec6fe1970282835c46eb18b19511d5f6
05-0709-070902TP,a321218770d54c1ead7b42d941944f6d
05-050201TP,521a1ea2b471158f05007f3d14e8a0ec
05-0709-070902TM,7ba26e807a4cb398bb150a7885740e96
915-150009A,c385735a4c483d51f2ae13a1c253cf21
05-050201TM,d977a2a1c7ff2c7626e58b56608b576c
04-040018TC,d977a2a1c7ff2c7626e58b56608b576c
04-040018TM,d977a2a1c7ff2c7626e58b56608b576c
01-010008A,5c8b66197ad7c824a7c3a27283f9d9cd
05-050103TP,d977a2a1c7ff2c7626e58b56608b576c
01-010075A,80068a23413d0abacf1beb0a4dc9fc8a
01-010016TC,65eba3214a98e68f52f543c4a7fa6f79
05-0709-070906ATC,d272e12677169965add2053d711e3d48
915-150013TP,7b84711152414e4c246f740725ddb603
03-030006TC,0f44e0ea975115699e243e0508f30d3a
03-030006TM,5e61acf8c2e6e00a91c328ed48d444ba
02-020001TC,9591a6121b5000e5a91a52ea1e8530c1
01-010016TP,435b9ae1561a5cdb1519ebe2b06050d9
03-030006TP,01cb2de98b472c72bc8a5bc75260676a
01-010016TM,2427608aa23c3d036e7f6f095a271d19
01-010051A,8fa28f69f51be3fa113b0f3a780f92d6
05-0709-070906ATM,3dd7fdf4f82e75464d8723fdbaa9d6a8
03-030070TC,8d62e228cacd1180e9dc5effcf95158e
05-0709-070906ATP,7342a9f55328567957fa51a1215fe113
915-150013TC,306a82df144581f68cff1eb662f27375
915-150013TM,291a632eed38372a2118a845060580f8
03-030045A,182484dc5bb1fea910c0e129ea9403c8
05-0709-070910A,4829f40c44dcec27a667170ba36b3818
01-010074A,90d20bb750274f8e67911942b979ee6c
902-0204-02040102BA,69bcadcf84a5332e01ecd7ca88607249
01-010005TC,f5710e63f81773925089f82f0f2d3703
03-030070TP,b144c9348c1ba9f4281b4caf0324bbcf
01-080101-010084TC,4132846840789c5ef7fdd6be0d6381e6
01-080101-010084TM,34233bdd4e3dbdda77eeaf7d62957e53
01-010005TP,a7b49c92bbd94aacc344faaa35d482a4
01-010005TM,e295c4e42b21e1998222b296f89dbcd8
01-010050A,8911b65ff0adc6263b52dd7272d2332f
02-020001TM,10ef3d705ebb46abf3fa5a21b5e047d7
01-080101-010084TP,9f6fe157666bd866cfa8401217efb806
03-02010301-030080TM,d977a2a1c7ff2c7626e58b56608b576c
03-030068A,ab20c5523618f3aa276d7f9344284bc3
03-030044A,d977a2a1c7ff2c7626e58b56608b576c
02-020001TP,b201805672b67168e40e217b6a6ebb82
03-02010301-030091TC,d977a2a1c7ff2c7626e58b56608b576c
05-0709-070904TC,d977a2a1c7ff2c7626e58b56608b576c
01-010073A,d977a2a1c7ff2c7626e58b56608b576c
03-02010301-030091TP,d977a2a1c7ff2c7626e58b56608b576c
03-02010301-030091TM,d977a2a1c7ff2c7626e58b56608b576c
03-030067A,d977a2a1c7ff2c7626e58b56608b576c
03-030043A,d977a2a1c7ff2c7626e58b56608b576c
03-02010301-030101TC,d977a2a1c7ff2c7626e58b56608b576c
01-010029TC,a6232cc167e916c3bae255a3aa1b496e
01-010029TM,e021a1af0e663045acb12bbf52548523
03-02010301-030101TP,d977a2a1c7ff2c7626e58b56608b576c
05-0709-070904TM,d977a2a1c7ff2c7626e58b56608b576c
01-010029TP,59f8c2fbf6ff42536d04a79a12f58066
05-0709-070904TP,d977a2a1c7ff2c7626e58b56608b576c
03-030066A,d977a2a1c7ff2c7626e58b56608b576c
03-030042A,d977a2a1c7ff2c7626e58b56608b576c
05-0709-070955A,d977a2a1c7ff2c7626e58b56608b576c
915-150015TP,ad1f80c8a38b25554200cea4225df193
03-030004TC,0dd543a2b7142033c57bf093f5631b3a
01-010018TC,3297470dd89b679eb95ac60b51c97c8b
04-040009TP,953c20622682e2b00bd40f2850302d70
915-150015TM,72124e51ca8fbad9a299073b8ccbe1a6
901-010202-9010102022TC,nuevo
01-010018TM,cb6fcc3bf9cd212073d7c6f83ab9e400
03-030004TP,83f377bdb33260c4ca151c226f670d2e
03-030004TM,d977a2a1c7ff2c7626e58b56608b576c
915-150015TC,1e80b3d0df570694e83ec8c84bcc78ca
04-040009TC,4e461a4e587a7df76456916175d9836a
01-010018TP,1261de39a17b94a63424189e8dea51a9
04-040009TM,1eeacbd7d37f53f89db299ee668fff75
03-030065A,6178b139e923eb8305809192c1107f3e
03-030041A,0f5ff3b439e234da17cf171a3893bcf9
05-050001TC,f32ef20998e148a5e83300b518f8b8aa
05-0709-070954A,d977a2a1c7ff2c7626e58b56608b576c
01-080101-010086TC,84cf8ac07f4242a3424cca55ece0a5df
915-150004TP,ffed5a323c47487b53ac2cadb90868ab
01-010060TP,d977a2a1c7ff2c7626e58b56608b576c
03-030015TC,83915188c396798e95a3c5d842cea75a
01-010007TC,fea326fa05c6f052ccdf67202e561db4
915-150004TM,b046fedaf21e139c91af0947c19d4c24
01-010060TM,d977a2a1c7ff2c7626e58b56608b576c
05-0709-070905BTC,4d90c661e98736dfc9bc7228ed2a11e5
01-010007TM,7449db0698a58402e9c1c3a7ce0c720b
03-030015TP,abd8e9546a63d64fa7b638163f0d318d
01-080101-010086TM,bff361906f11cce2dca13008ac636beb
03-02010301-030082TC,d977a2a1c7ff2c7626e58b56608b576c
915-150004TC,0fa37d4e516c6457cb1d73aacb9154b7
03-030040A,bee856d78bf0f124e3d3f4cabe8ab9de
03-02010301-030082TP,d977a2a1c7ff2c7626e58b56608b576c
01-080101-010091A,c17222211460d22382bd1a00cd69e7fd
05-0709-070905BTP,0ace74bd4d5e14e304eb72587aa1e207
01-010007TP,ea47a2a37ebf123fbc910bc8df0dc124
01-080101-010086TP,d6802969a26573e265fe8ef002ca458e
901-010202-9010102023A,nuevo
05-0709-070953A,d977a2a1c7ff2c7626e58b56608b576c
03-030064A,86718ab39800c6dba00c096586f308a5
03-030028TC,a84abb9fe6c92febd7145b2b4ed28abf
03-030028TP,7bec594b4bfed4c890afb43870b24c54
03-02010301-030093TC,d977a2a1c7ff2c7626e58b56608b576c
01-010060TC,d977a2a1c7ff2c7626e58b56608b576c
03-02010301-030093TP,d977a2a1c7ff2c7626e58b56608b576c
03-02010301-030093TM,d977a2a1c7ff2c7626e58b56608b576c
05-0709-070952A,d977a2a1c7ff2c7626e58b56608b576c
03-02010301-030088A,d977a2a1c7ff2c7626e58b56608b576c
03-030063A,132cb2ce7322a45f69527701ed8a4d23
05-050001TM,da36aaf095228edc5d62cbe6d1c6a17a
03-030039TC,b70ab44ee144e4dafdc844e275547049
03-030039TM,dbcf4cfc25bf54d25b5d960bc6636004
04-040009A,a5541ce8e40879bfb2d70036058406bd
05-050001TP,5f3bede9bc5494fbe250853461b17ef7
03-030039TP,50a3bdd92f460ef496d4703369271141
01-080101-010093A,86ae98596070399ef941409b5bb1f5ec
03-02010301-030103TM,d977a2a1c7ff2c7626e58b56608b576c
03-030062A,04bed52fceb109c539c7fe1b4df70929
901-010202-9010102022TM,nuevo
901-010202-9010102022TP,nuevo
915-150017TP,0bf208eae38e5873692b84a66f8fb2ca
915-150017TM,49281bf4f40ead942888b810674ffdb9
01-010023A,d977a2a1c7ff2c7626e58b56608b576c
01-010047A,56d9f7a6b32c300e93593ca4fa6afef5
03-030025TP,d977a2a1c7ff2c7626e58b56608b576c
01-010073TM,d977a2a1c7ff2c7626e58b56608b576c
03-030025TM,d977a2a1c7ff2c7626e58b56608b576c
01-010073TP,d977a2a1c7ff2c7626e58b56608b576c
05-0709-070909TC,b8d747b6a2f4360f473ec24392463b45
05-050204A,8457a07139e24db019e8d6df63ad2827
05-050313A,ed22506af71d0901f2e012d947ce109b
902-0204-02040102ATC,1d28cc195867136a76147209015d8141
902-0204-02040102ATP,da1255afdbfd25f432fa73d759ff306a
03-030036TC,831db0877a88dfbe1673facbb4657dee
915-150017TC,4370bf2a6c612a26ee49dfc30ab5e233
01-010009TC,3e2c4e8f6e7d009ef2de6aeba40a3d20
915-150006TP,620b67b1b91269a3195a3efc595edfcf
01-010022A,26f745cf167fbdd38fdd9c8f60253270
01-010062TP,d977a2a1c7ff2c7626e58b56608b576c
01-010046A,d977a2a1c7ff2c7626e58b56608b576c
915-150006TM,805427314f487634334aa21bfa53f5ad
01-010062TM,d977a2a1c7ff2c7626e58b56608b576c
03-030016A,a9763d2a082f1a96fc711b79aaf5c6e8
03-030036TP,ed39532d513ed96ec8ab72fdcf30ff3c
01-010009TM,b259aeef995fe1002b04716efe1936ed
03-030036TM,6e6ca8ab58ff5026d4dfb242982fbe46
01-010073TC,d977a2a1c7ff2c7626e58b56608b576c
901-010202-9010102021TM,nuevo
05-050205A,d1f78befcbb5ec95525e4a7383c40a3d
04-040011TM,c9509a175aee0e574dc1a10d5352122b
05-050314A,875fe72072dbc895784a534a5d3e2e28
901-010202-9010102021TP,nuevo
05-0709-070909TM,9f49a98543ca027eb508621e1fb91e3b
01-010009TP,96505af21eecfdc2a0a9a5abbe1cb585
03-030001TC,b160c7ec0a78a8efefbead291473c70e
03-030047TC,12959fd2fc951618ed3e98036e12e1a1
05-0709-070909TP,f32062aa5e28d6309651fc09b2df374b
04-040011TP,239c8ffd02a595fa028d104f30b011f8
915-150006TC,98c3b60d2a18c880caa013fd2a9fb35b
905-9050607-905060701TM,1c8a64a363632393752b560f5a6a2f10
01-010051TP,cba72bb0ae37cf253a7b3a98ba8df3fb
905-9050607-905060701TP,6c00b36e0eaa8e4dcd941f8ed587f786
01-010045A,2ee7dcf9ae9777d81463a543c1580c74
01-010051TM,ce84a2a5da4ea27b98021964a91beaa4
05-050208TC,e4d54b20b5600dd1d55880b751fe0a3b
03-030039A,11d4c55343fdbbc276b68883197b1376
03-030049TC,b56a76ff43c06bc88d5fd17ecc524b68
03-90205-0205_006A,6674183fd86c87f2bae206408d65b0f4
03-030003TP,a2236fa3a4e98225b0c3ca7cfa341108
03-030049TP,f6bed57f1fd44c81fd13fdfc864a400e
04-040011TC,5ed290198258b61f220ff7b7a5501c71
05-050306TC,d977a2a1c7ff2c7626e58b56608b576c
05-050202A,0469b64bb08b560959c1a4b120224755
05-050311A,78f5ced1ce911714c84b05d6a2f92c45
05-050208TP,4eedab6b746da735ee74177a709f6dbe
901-010202-9010102022A,nuevo
03-030015A,19ddbcf717fba0b769c5f1391bea6f6e
03-030014TC,2effef6c964dcb44f3b44ffedd192277
05-0709-070904A,d977a2a1c7ff2c7626e58b56608b576c
05-050306TP,d187e98f94589cff4479a0c30e4cbae3
905-9050607-905060701TC,b6968f3f8506bbe85976337f02c79a14
01-010062TC,d977a2a1c7ff2c7626e58b56608b576c
01-010020A,d977a2a1c7ff2c7626e58b56608b576c
01-080101-010087TC,1916d62e9ae1e546c327bbc005ada6e1
01-010040TM,d977a2a1c7ff2c7626e58b56608b576c
01-010068A,381d76a139cbb5b90408aa873647f71b
03-030014TP,0f6a021fc3f90e64cb2240f676c06a7a
05-050317TC,de3989494a8d80f0e897ec548840e892
05-050312A,85b414f65cb310bc02d3b5a8d2e6aafa
05-050009A,19ecefd17ffd2ecb988508254d964af1
05-050203A,6bafa4222fcfa731ffc89cbcf0a38cdd
01-080101-010087TM,ff9f596b90f9cf2bd44b997da598bfc4
02-020004TC,d977a2a1c7ff2c7626e58b56608b576c
901-010202-9010102021A,nuevo
01-080101-010087TP,63bec86928a3629f405713f2f6804997
03-030014A,9eb4c66d0f55cbf4bada3d8e5d1c7d14
03-030025TC,d977a2a1c7ff2c7626e58b56608b576c
05-0709-070903A,4aaa92afb0abaea7fcdadb713098ba12
05-050317TP,db8b3e160875855515bd36f32b37d052
01-010051TC,af76f2ed1d9e6a7b1e2f4cafa4d6403d
03-02010301-030090TC,d977a2a1c7ff2c7626e58b56608b576c
01-010067A,bbe42b101b0df60ce51714a09105540e
03-02010301-030090TM,d977a2a1c7ff2c7626e58b56608b576c
01-080101-010078TC,067adf03016ef74f30b85f010d344f54
04-040020TM,75bf6026f367a6a3e5c8ad3ab0df4e73
01-080101-010078TP,1e7c7d6bfe394e707e8366effd4bd58f
04-040020TP,18b03c2fe27dd5fc2534ad2f8670a77c
03-02010301-030090TP,d977a2a1c7ff2c7626e58b56608b576c
05-050006A,2f155268974893256ff764d9a39e9335
01-080101-010078TM,e2cc3754be1887fc7a24b077cf8d569a
03-030034TC,997114bb6840e4a1e7a38eabd7ea768b
05-0709-070902A,ee108dfa4ade719dfc394066af30f874
03-030013A,d977a2a1c7ff2c7626e58b56608b576c
01-010040TC,d977a2a1c7ff2c7626e58b56608b576c
01-010064TP,61af9898f6bd8e9b0b8cc5ef77622c3a
03-90205-0205_007A,nuevo
01-010066A,65b47e5b292086f5a95ad691ff64b214
915-150008TM,f85e80bd8c13c6c66f07235d826f385f
01-010064TM,3b38a9b4f52efd161cab11b028c91cdb
01-080101-010087A,f59df28d50e3048d755c1e830ad6c7ae
xxxxx,xxxxx
03-02010301-030100TP,d977a2a1c7ff2c7626e58b56608b576c
05-050201A,ce7ffbd88adb00583fb4e8593eff66d7
04-040020TC,eeae9bdd031c807456d6814fc03e4b4e
03-030034TP,49a73bcf83667881bcf6ea9dac691887
05-050310A,6fcb97b4a576ce03922c3902ff5a16f1
915-150008TP,ac8cf6c32ece5e43ac3f79ebad48ed51
01-010075TC,b87b0ff9b1bd0957496b465abc3e1606
05-050007A,579451a92beef97da558af495ebe8606
03-030036A,32350bbc290ebf0891d8c5f71067c298
05-0709-070901A,b46da07bb323bdbffc5d0cfa704f77e6
03-030012A,56c8d45a7d37b859645830d7ec698895
03-030045TC,684028c443971bd1026666d0be0138e1
915-150008TC,9518f3d56e3f5e0f6059671e877e498d
03-02010301-030100TC,d977a2a1c7ff2c7626e58b56608b576c
01-010053TP,39d8c5c3b48e33bf57ce187312d58de3
01-010053TM,c7bc39acd047929c20f71caa2141a1f2
03-030001TM,ead04ed2740ceb084a3f0ce234470464
05-050308TC,bcf4be1647d201974f4b0c9ee489295f
02-020002TC,417016e5a0ec9e73fd288ff16d22d782
03-030047TP,82d3124283ccc5d7aef669e082405ec8
05-050004A,dfc4f7a6e509488ca6dd55ea25e4f67d
03-030001TP,c30b13a5f0820e4e3c43214a99090270
03-030047TM,db5a80ac625c91b56942f68e62c38966
03-030012TC,eb90b19323a5859efa320578d58c13a6
03-030058TC,b48112bab121e3b8e2f81f3c2ba48255
03-030059A,56b3d9b4714e5d0438c539e41249d4a5
05-050308TP,0fd199be6f4b0c11ad5b1d17d6cf4ee2
03-030035A,2664ef3e14a24685a7039d406f46fe72
01-010064TC,34d02d95e73aec059411612203a54ca3
01-010064A,b50b38e198c71bcf98c0c43aaa9ed33b
01-010042TM,842636dc1e868b133495f4c2822e30a8
03-030012TM,a40b31c1cb95200afe4345b7d66118f2
01-080101-010089A,d1f5ff75b71a75ae713adc1965ebad66
03-030058TP,3918ad7331bb285f6d809a0cbf591c08
01-080101-010089TC,35e2770c5080521c4ddf09a7de257af4
03-030012TP,68cebef0e28dc8122bf6c530043b3209
03-030058TM,8ad6c30efd57865e479245b653ef747a
01-080101-010089TP,da46b0e22157ff0b604bc877bc5561c3
05-050005A,566462fd282551480d244a97e19df41f
01-080101-010089TM,f6bfb4fdedde97622b8a9058dcdeb57a
03-030058A,6a468b83a2c625b748f012ba9efda623
03-030034A,2e9a54509ecd4fb62bb27426f45773f0
02-020002TM,93d7e9998659a16749e560d868f6e77a
01-010053TC,c22701c86202094093123c72a9ea3d4e
02-020002TP,a306edc42f7ab2f4a339be49a216ffcb
01-010031TP,5516e6bbe20776f3b55d31c099a89701
01-010077TP,d977a2a1c7ff2c7626e58b56608b576c
01-010031TM,20e1d831bf5d5e3470fa183a08d88303
01-080101-010113A,cc10662380914007bd329981995e50d5
03-030067TP,d977a2a1c7ff2c7626e58b56608b576c
01-010077TM,d977a2a1c7ff2c7626e58b56608b576c
04-040012A,99456edc1f2d0d5344077b6c90d34a4d
915-150008A,df19891eae88e9c353acb3c0f9238ac6
05-0709-070955TP,d977a2a1c7ff2c7626e58b56608b576c
03-02010301-030090A,d977a2a1c7ff2c7626e58b56608b576c
03-030078TC,d8ee6fd2518da55303cb22f636c2aba0
01-010007A,7254eb557daff950796b70309b043120
01-010042TC,d678389545d7e835d100ebc2f8ed9cca
03-030032TC,e0e469d479b1530f5d7069767dc6585e
03-030032TM,0bab210f526a9fc6401ce27133db8695
03-030078TM,53d7a7f55ee39ab75dcdea97b56f5baa
01-010020TM,d977a2a1c7ff2c7626e58b56608b576c
01-110304-11030401TC,d977a2a1c7ff2c7626e58b56608b576c
01-010020TP,d977a2a1c7ff2c7626e58b56608b576c
01-080101-010112A,d4dbf8a7d23fa9d00603cbbe71605c39
03-02010301-030088TC,d977a2a1c7ff2c7626e58b56608b576c
01-110304-11030401TM,d977a2a1c7ff2c7626e58b56608b576c
03-030032TP,9ada408ebe5091b7564818860a75c664
03-030078TP,9050a7fb9f946dd351f41aba575a41ad
01-110304-11030401TP,d977a2a1c7ff2c7626e58b56608b576c
05-050204TP,04d4a4dde888ace96511377acc86d18e
915-150007A,cafd5b65cc2ec420f27ccaa633e56e54
05-050204TM,d977a2a1c7ff2c7626e58b56608b576c
01-010077TC,d977a2a1c7ff2c7626e58b56608b576c
04-040015TC,d977a2a1c7ff2c7626e58b56608b576c
04-040011A,edddcced880b4caa6b25fd1aca1a7823
01-010006A,649aa3e820ed2a41d11d9c7f33eccf1f
01-010115A,0881fa53f454181668a3a466c4556f0c
04-040015TP,d977a2a1c7ff2c7626e58b56608b576c
01-010031TC,f3734af33378b52b93260ea478c568b3
03-02010301-030088TP,d977a2a1c7ff2c7626e58b56608b576c
03-030043TC,d977a2a1c7ff2c7626e58b56608b576c
05-050204TC,339e16d77d46a0c02df06e6b09cd300e
04-040015TM,d977a2a1c7ff2c7626e58b56608b576c
05-050302TP,83753fff470acdb2d7675839e5d94a25
01-010055TM,d977a2a1c7ff2c7626e58b56608b576c
03-030045TM,f0550fe118114da43125c11662134609
05-050302TM,d977a2a1c7ff2c7626e58b56608b576c
03-030045TP,8a72ae21c7eadab9e59e199728acf7ae
01-010055TP,d977a2a1c7ff2c7626e58b56608b576c
05-050302TC,8221a623c2222a4c1107cf2575720ec5
01-110304-11030403TP,d977a2a1c7ff2c7626e58b56608b576c
915-150006A,bc2165bbd74641c9af2f027e9e9360a9
04-040004TC,49f29cb2c255f475d20f5befd062ed0f
04-040010A,81b680eba0ca95d1e9346dd351ae4ab9
902-0204-02040101SA,b6abc0376ebe45a7087398facacf34de
01-010005A,a741ddef54723dfc940adddedb06d40f
04-040004TP,77b8b211f1ef67f39a57c4d31abc624f
01-010029A,1854073ba044e4aa4ac5de2583675fb2
01-010066TC,b6ea6c23f19cf8d21285edb65c5c6c24
03-030056TC,93f2612fadb2e2198b462015b9394b10
04-040004TM,4416f5cabc8cdba0568e08a383cf051f
01-010020TC,d977a2a1c7ff2c7626e58b56608b576c
01-010044TM,d977a2a1c7ff2c7626e58b56608b576c
05-050313TP,3509aa1997c3bcfb51b1a748dbd724ac
01-010004A,adae063322620ae77926c6af26e8f405
01-080101-010114A,d977a2a1c7ff2c7626e58b56608b576c
05-0709-070953TC,d977a2a1c7ff2c7626e58b56608b576c
05-0709-070953TP,d977a2a1c7ff2c7626e58b56608b576c
03-030056TP,808495e3c907d9f5cade55b5043999bb
05-050313TC,e7360a55096f740ab6e9aa80791956d2
01-010028A,d977a2a1c7ff2c7626e58b56608b576c
03-030067TC,d977a2a1c7ff2c7626e58b56608b576c
01-010055TC,d977a2a1c7ff2c7626e58b56608b576c
915-150005A,a42dd747fa3cf21993babb128dfd975c
03-030065TM,1f6b419ba8e8f471d315e47d57617571
01-010003A,d977a2a1c7ff2c7626e58b56608b576c
902-0204-02040101BTP,1c87b5234ea3fd96677bb6438631ff85
03-030065TP,b4defdc243403b80f97f0989aff0a478
03-02010301-030079TC,d977a2a1c7ff2c7626e58b56608b576c
05-050208A,32af589514444a64350b4c5fbc8493d6
05-050317A,1120433771da77469c9c1baa4818b120
01-010027A,d977a2a1c7ff2c7626e58b56608b576c
01-010044TC,d977a2a1c7ff2c7626e58b56608b576c
03-02010301-030079TP,d977a2a1c7ff2c7626e58b56608b576c
03-030030TC,0eccdbff08ca862302c70c7101c90e81
03-030076TC,d977a2a1c7ff2c7626e58b56608b576c
03-030076TM,d977a2a1c7ff2c7626e58b56608b576c
01-010022TM,d906ce77b292c21e5f235b858758d7a8
03-030030TP,5b9a766a8d0994cbe974c99e1c015ffc
01-010002A,169b297b7fff24b881c52844b61284f0
01-010026A,d977a2a1c7ff2c7626e58b56608b576c
03-030030TM,6b9c73fef6e7baf9e492b09c60843532
01-010022TP,e4b51c1dd3ebb322a18638e0957ae921
01-010068TP,6d5a025eee1b238ca18d69b146d7ed69
05-050206TP,5cbdd52c76a3a7656bd66c1706434ebc
01-010068TM,efb93854e64d76a0082712ec93245e76
03-030076TP,d977a2a1c7ff2c7626e58b56608b576c
05-0709-070909A,dfc6091f934fc5044cfda2da5a67bfe3
05-050206TM,d977a2a1c7ff2c7626e58b56608b576c
05-050206TC,2182b10777082951959b97d7584fdc12
04-040013TM,2fe9e38eb071602504cde8eff31fe52e
03-030041TC,4cf19843f3388ef8abe9ac8fae8d168d
04-040013TP,2677e6917f5f9c5aa9daaa462655b2df
01-010011TM,cef09c6e7d73f6f5333b7656f0afb79b
03-030043TM,d977a2a1c7ff2c7626e58b56608b576c
902-0204-02040101STC,6eee629210eff9339b695cb3e03be5ab
05-050304TM,d977a2a1c7ff2c7626e58b56608b576c
01-010001A,fa12f14ca08f1cf28abc55771218227a
01-010025A,d977a2a1c7ff2c7626e58b56608b576c
01-080101-010110TC,81ab5e3d3d60a8d591f058e9a830209e
902-0204-02040101STM,5736563d678370e51708bfc13e689b36
01-080101-010111A,9dbdb9300c4d5fbc009b3d4758afd1f3
04-040013TC,3591178de414aee03e8df5bbfe0638dd
01-010011TP,b9226b26724dd5e8fc1afc2f677403c7
01-010057TP,d977a2a1c7ff2c7626e58b56608b576c
05-050304TC,1244be0c3cb0fd8401423484ea23db4e
03-030043TP,d977a2a1c7ff2c7626e58b56608b576c
01-010057TM,d977a2a1c7ff2c7626e58b56608b576c
05-050206A,9b2c0f7d69eb2c153cbc54c17dd014d4
05-050315A,9f197d1576d87a37f72bad3a0091e36e
902-0204-02040101STP,f7c2b8bd7b44c10912a7cdc52a7be2d4
05-0709-070908A,a570bf9870c8beb68d7d03210d5b6f2c
01-010022TC,18fa7188d999ad4ba17761497e898d64
01-010049A,1b165eb937c09f4de7e61b497d3863c7
05-0709-070905AA,6b00962aa51e03e90db15ec9f0d86e8f
01-080101-010110TP,cc3766c507a8146b33a97c2b21d35671
04-040002TM,d977a2a1c7ff2c7626e58b56608b576c
915-150002A,ae9e80c0c022799a39445a2399c8fe6e
03-030054TC,488054090474bbd110a519a7eafd1b9e
01-080101-010110TM,079523973f2b73146a55e515a618f840
05-050304TP,e325ac58d2c018c05398370c6aa8b454
04-040002TP,d977a2a1c7ff2c7626e58b56608b576c
05-0709-070955TC,d977a2a1c7ff2c7626e58b56608b576c
03-030054TM,664518411e0a2a47f0c8d2f16d9f8570
05-0709-070921ATP,74476aad8ebce81639d2b214aaafd947
01-010024A,d977a2a1c7ff2c7626e58b56608b576c
03-030018A,8eafec713689e3842b5681015da10117
01-010048A,d977a2a1c7ff2c7626e58b56608b576c
04-040002TC,d977a2a1c7ff2c7626e58b56608b576c
01-080101-010110A,ebca01f72fdb9c2a7097600a34734e5e
01-010046TP,d977a2a1c7ff2c7626e58b56608b576c
05-050315TC,18b5b6b7843e3a0c6b5e24f7bb284379
01-010046TM,d977a2a1c7ff2c7626e58b56608b576c
03-030054TP,12df5c5d35dbba7604a4ff05e04de571
05-050316A,04737aab45fd06f3fd0b30259466fa71
902-0204-02040101BTC,d078cfad9f1d6d9a454da2510e65e410
02-020006TC,863e39fef68f7fa45e955c21edad39b0
05-0709-070921ATC,deab5c160b3856a617105a2bec99a5e9
05-050207A,e9fb843323e7e79fdc96daf231e22da8
02-020006TM,6a9b8ebe912b307b25cda9cc6184e098
902-0204-02040101BTM,9dd1f734ef41518f6ff490409c336207
01-010011TC,06281452a79025fe511b53916cee32b3
01-010057TC,d977a2a1c7ff2c7626e58b56608b576c
05-0709-070905BA,265b93a97a6e7762073090ed8bd68ce6
02-020006TP,0cbd0f8fba9b7654d2c9e52df7e20192
915-150001A,81d184e5ea89069a9746708c27ba9b3a
03-030065TC,76e4dd992577fde5d159bb466ccb85c2
05-050315TP,2000fef9b593309d512616c5c0518c00
03-030040TP,eec51704653e94363fdbbeeb09d83c61
01-080101-010113TC,525cf2ff078ede0c9dcc55c2186a284f
05-0709-070901TC,01b6ff12abce8f078560254cddfc1627
03-02010301-030096TC,d977a2a1c7ff2c7626e58b56608b576c
05-0709-070901TM,fee68621940ff3e17fd834505ea2331f
01-010035TP,6490fabded0eb05a792536ed212a3e3e
01-010035TM,9d4902c0a081edff9aa839214ab773dc
03-030073A,65c87efec7c2db438c3e1c4820c9f7ed
03-02010301-030096TM,d977a2a1c7ff2c7626e58b56608b576c
01-010046TC,d977a2a1c7ff2c7626e58b56608b576c
01-080101-010113TP,5889d1d074b1fa5c1798d78a886e3a7c
01-080101-010113TM,288db445b7c75d0f7af0fd63eaf3d96d
03-02010301-030096TP,d977a2a1c7ff2c7626e58b56608b576c
05-050004TC,d7f617917143389b639634a39c04c3ce
04-040019TP,d977a2a1c7ff2c7626e58b56608b576c
05-050004TM,d977a2a1c7ff2c7626e58b56608b576c
01-010024TM,d977a2a1c7ff2c7626e58b56608b576c
01-010024TP,d977a2a1c7ff2c7626e58b56608b576c
04-040019A,d977a2a1c7ff2c7626e58b56608b576c
05-050004TP,f210143051871837bfc6627dd7c56325
03-030072A,847ed2a86541d7dff12a22c185cc5e4f
04-040019TC,d977a2a1c7ff2c7626e58b56608b576c
05-0709-070901TP,397ba27f653d891ebe59029a6f0dab43
01-010035TC,50f3d5dd6de63f6f2ef93eb78f2564ba
03-02010301-030097A,c650b56befe0f08e235264a9b73678ab
04-040019TM,d977a2a1c7ff2c7626e58b56608b576c
05-050102TP,4c26779b04aeb6357d6d674c0a29a362
03-030062TC,1afaa925c23446e2c413dab2252252fa
03-030064TP,6ca2e88cece9161a5ccb8cbc716a58c2
04-040008TP,f361b71d5eb8783204b7efecf7f42024
01-010059TC,febbf4b45684b453483d13f9fa5d9f24
01-010059TP,2694079058826efc6bca1d08be5ca8f9
01-080101-010090TM,d977a2a1c7ff2c7626e58b56608b576c
01-010013TM,72a605200e3d5700e2fdee9eb511c143
01-010059TM,e867a7ef5a2c4abfe453536e28f5ee67
01-010013TP,717cc63177090c5d68d38bb88f073b78
01-080101-010090TP,d977a2a1c7ff2c7626e58b56608b576c
04-040018A,d977a2a1c7ff2c7626e58b56608b576c
04-040008TC,f723c079859e0d52baf1a74b5d218829
03-030071A,bc215835c85ba728793c88004710b458
915-150010TP,a0eb18d5cc67f9f200f21bc0044efc16
03-02010301-030096A,d977a2a1c7ff2c7626e58b56608b576c
01-010024TC,d977a2a1c7ff2c7626e58b56608b576c
03-030075TC,108dc20ead86ac9393e968a56ddbf757
05-050002TC,c8542c3fc14549a882ce5868fc05d872
03-030075TP,6eeff8e5ccfdab36c3b0a066b9bdbb66
03-030075TM,c8670ec4e105f8c3246ecc1e391e16c4
01-010048TC,d977a2a1c7ff2c7626e58b56608b576c
01-010048TP,d977a2a1c7ff2c7626e58b56608b576c
01-010048TM,d977a2a1c7ff2c7626e58b56608b576c
04-040017A,020ff562b8d75c8031c023584adeec5d
01-010002TM,002835f1d5546c3b330e10097ccbdc55
01-010002TP,0cca9b1731114d9a37c688f6079a9756
03-030070A,2ef08e05d9da3935517d358309018e8d
03-02010301-030083TM,d977a2a1c7ff2c7626e58b56608b576c
01-080101-010090TC,d977a2a1c7ff2c7626e58b56608b576c
03-02010301-030095A,d977a2a1c7ff2c7626e58b56608b576c
01-010013TC,225714dd37334f9a9742014b3322fba4
03-030040TC,17d6d47d615077a05d06d4986d1c8af5
05-0709-070903TC,655ea82c1cd5f1a39de0c488797ceb33
01-010037TC,d977a2a1c7ff2c7626e58b56608b576c
03-90205-0205_006TP,373e8f89f7da14e2e54ce270a8c18fa7
01-010037TP,d977a2a1c7ff2c7626e58b56608b576c
01-010037TM,d977a2a1c7ff2c7626e58b56608b576c
04-040016A,9b174f5ac0336b3d5cc49873592889cb
03-90205-0205_006TC,fdf0299ab98df9c356ef7a0fc5eafff6
03-90205-0205_006TM,9d3dbb6df77d0451af7f70f9c258cd2c
01-010002TC,a7baf553fd3303b88d87616b23993853
03-02010301-030094A,e139a712e76ca652662231e8a7ef7ba2
05-050006TC,235ab4bbe3eaa87649557f3c8ee3781b
01-010026TC,d977a2a1c7ff2c7626e58b56608b576c
01-010026TP,d977a2a1c7ff2c7626e58b56608b576c
01-010026TM,d977a2a1c7ff2c7626e58b56608b576c
05-050006TP,54dff1e3570afa76227c826ad2050f2d
05-050006TM,f902c0c65af0ce991e7c7e13b50b8236
05-050104TC,d977a2a1c7ff2c7626e58b56608b576c
03-030060TC,71c53bb37bd2878b99cbaeb591c06f44
04-040015A,d977a2a1c7ff2c7626e58b56608b576c
05-050202TP,a32272aa3859c328aa744788c8f65243
05-0709-070903TM,60bc3633d16921f4896c881995a4e52e
03-02010301-030093A,d977a2a1c7ff2c7626e58b56608b576c
05-050202TM,d977a2a1c7ff2c7626e58b56608b576c
04-040017TC,eca80c0354834bfc6e5c621a9c3fa38f
05-0709-070903TP,e9530b989030d7acff041a50998e3855
04-040017TM,b2730936be8b224e9d9d3b14e33326ec
05-050104TM,d977a2a1c7ff2c7626e58b56608b576c
04-040017TP,bdc0f7f184c1ebe6336fba506f88d7d2
05-050104TP,d977a2a1c7ff2c7626e58b56608b576c
05-050202TC,770fdb1cec3a9e3293ed5272c64ca9f1
03-030062TP,2b87855392f64aba8fa7f47c1c014aea
03-030062TM,1e100934088aa191d7842f44a16ab78e
05-050311TC,6d6b70f832a931acc0f79c7ea4fa0815
04-040014A,1b6ed3b3a92747c4d0e386b2f9f87036
03-02010301-030092A,d977a2a1c7ff2c7626e58b56608b576c
03-030073TC,97546494e2d70ee5730385b0d4498632
03-030073TP,d596c70973e5efa719528778182dc8ca
05-050311TP,1da3972a2a795ae38fdc7cf064ae3495
01-080101-010081TC,7e7f645de3d2c82025576e203feae438
01-010004TC,7c040a8cc558fee25b4605fecb48a4d7
03-030073TM,16b17d2a1636f9840152649bcb8de589
915-150001TP,0c127b5f0172ed781a509349e6c28409
01-010004TP,a49594d871b45f5f26918af1d940adba
01-080101-010081TP,7dfe8faf860e7dfdbfca028128b0b8f3
01-080101-010081TM,b4fbda77264020987a28a76c62dd9c0d
01-010004TM,35e9d93f2630b0d7b3ef379fa6d199b6
04-040013A,e441fe22d2b6b1f8e98bd23734f91e23
03-02010301-030085TM,d977a2a1c7ff2c7626e58b56608b576c
915-150001TC,0ee05b216d187cd84b1366bfd9caf193
03-02010301-030091A,d977a2a1c7ff2c7626e58b56608b576c
915-150001TM,d3e31586fc0f238413a108d7c84e733b
03-02010301-030092TC,d977a2a1c7ff2c7626e58b56608b576c
01-010063A,ada3adcd7fdb09e539595719cabad321
902-0204-02040101AA,nuevo
01-010039TC,1f91ba663c5d24d29a8a88b3b45b8af5
03-030029TC,d977a2a1c7ff2c7626e58b56608b576c
05-050309TC,3bbb92af73a72d21d7d114abb9b296f8
05-050002A,37bc8746756aee4c57f645530b894c71
01-010039TM,7cfd5035d1ebc32c5b2e72d83c64bb55
01-080101-010084A,ef2979a51a615acc564e5133603cbb6c
03-02010301-030092TP,d977a2a1c7ff2c7626e58b56608b576c
03-030029TP,d977a2a1c7ff2c7626e58b56608b576c
03-02010301-030092TM,d977a2a1c7ff2c7626e58b56608b576c
03-030057A,d977a2a1c7ff2c7626e58b56608b576c
05-050309TP,471f5dcc4254d33acd91db30453b5cd5
05-050309TM,d977a2a1c7ff2c7626e58b56608b576c
03-030033A,17762dfdee88730f2873000080b186a2
03-02010301-030102TC,d977a2a1c7ff2c7626e58b56608b576c
01-010028TP,d977a2a1c7ff2c7626e58b56608b576c
01-010028TM,d977a2a1c7ff2c7626e58b56608b576c
03-02010301-030102TM,d977a2a1c7ff2c7626e58b56608b576c
05-050003A,35f46cc2fe6a73572aca4c48470db552
01-080101-010083A,be2162915fed1e55725a666058e8e6bb
01-010062A,d977a2a1c7ff2c7626e58b56608b576c
03-02010301-030102TP,d977a2a1c7ff2c7626e58b56608b576c
03-030056A,205474d98d9f4d1aa7575f89d6724508
03-030032A,c9c849f03081bb7a17b5eba5feebb7ea
03-030060TP,72a2822b6cfea6ee353aebbf67cedcb8
915-150014TP,e095021e161529e65617f068d8eacd08
05-0709-070906BTC,948d665e3651e517e7ba26c501a65a10
01-010017TC,8a5d6fc3c3d0f82fe052e59056c74bbb
03-030007TC,e957554b2c2c2b4c5ea763398deaa68f
03-030060TM,66c3c2086f06d6b00212c3f176a85e2f
915-150014TM,1ca3c1484e483fc4f4a9f3f57da3afba
901-010202-9010102023TC,nuevo
01-010017TM,a1aa7a988e42918aaf289a17fad10382
01-080101-010086A,9e89120c15a730a3ed3f5642b5a0f6e5
03-030007TM,d977a2a1c7ff2c7626e58b56608b576c
01-010017TP,f553c5516bb2c6251c1763207cd4aa8a
01-010061A,b3e0b0598bdaa1b9cc569531f558c328
05-0709-070906BTM,dbee2729cb23d5bd7600ef69e57d464b
03-030071TC,4a30d67ce0a5cdc8693422460434cffe
915-150014TC,aca0e08bd02ff79f804a3d1d3f23c4ec
01-010115TC,2466887cd7691698e9f27cf8f11429a7
05-0709-070906BTP,3ed0674e3f47802436055ef0aee8cd25
03-030007TP,ab60911b3a8c2def46c039a7ea38212a
03-030055A,65a055a6964a9080aa97108233dcd55f
03-030031A,ce20bbab14c7ff15c31c597cb88458cb
902-0204-02040101BA,df8c5ed10f66ce36b3c438c65869b0c8
03-030071TP,1ce9255c51d6bdec0678e73941c7577d
915-150003TP,fce84300477d16728114d72d4f7f8c5f
01-080101-010083TC,2b14626af85f54e1cee10a0af8815a81
05-0709-070905ATC,059a421cbf7df830f6ac6bf08b052994
01-010006TC,d24f2bd5b8f9db3b983bbf42c5266877
03-030018TC,07aeb143ca41e09a4b5005ff1f807dfb
915-150003TM,b7a6d29a9cba82cd87d582fa13a4bd8b
01-080101-010083TM,5f8f52d6185f4fd0ab9de3eef5498d27
05-050001A,48240156f8a81f6de60a53a6f7fafed1
01-010006TM,91de2c3963f0cf740882b655b86085cb
03-030018TM,0df1d5d3423ff6b7b9148dfce5f8e443
01-010006TP,d9b844359f964b87542699dfe8f0e253
01-080101-010083TP,606d1e3aaf49fc3e44bb270074859e53
01-010060A,d977a2a1c7ff2c7626e58b56608b576c
01-080101-010085A,57825143f38efd34a0b401eeece9d3dc
915-150003TC,35058e423177b5c2a1d9a3311e909735
05-0709-070905ATP,9d0ae80615e37b264f45d02edcddf360
03-030018TP,e9d732f25f17764057fe5130e1569f0b
03-030078A,a447136b3ec45cb38a753621af36b1a1
03-02010301-030079A,d977a2a1c7ff2c7626e58b56608b576c
03-030054A,c561cc9f9085ece2e69980763a614ca2
03-030030A,5ef08e178f94d84e0bf4c47af8e00440
03-030027TC,9f3f89702d6954f2f1844fcc00ce5a91
03-030027TP,be85b7904296ccbe0ee314c6e872e2ba
03-02010301-030094TC,7c8e089f3ee7593596bc5417229a495e
05-0709-070921AA,48ceb0bb5e2337ee5eb66697c3577418
03-02010301-030094TP,a81c95ac35b3ed862661b02f838ea03f
01-080101-010080A,3d46c6849766cc49cb6353d320ebddfe
03-02010301-030094TM,e803f7f4aa3331ae0d7c50f00e3f9fd8
03-030077A,d977a2a1c7ff2c7626e58b56608b576c
02-020006A,2369ec9edb1081bafb40644aa89da109
03-030053A,d77e2fe7e3bbe6666dd417ea81efbaac
05-050002TP,202098ad51d2c394cf99d44d4e81b2b5
05-050002TM,d977a2a1c7ff2c7626e58b56608b576c
03-02010301-030104TM,d977a2a1c7ff2c7626e58b56608b576c
901-010202-9010102023TM,nuevo
901-010202-9010102023TP,nuevo
05-0709-070921BA,388219a416373a3bd84b66165eec03cb
03-030076A,d977a2a1c7ff2c7626e58b56608b576c
03-030052A,49e6a091e08e2fc592046231facaf4a0
02-020005A,d977a2a1c7ff2c7626e58b56608b576c
02-020004A,d977a2a1c7ff2c7626e58b56608b576c
01-010019TC,d977a2a1c7ff2c7626e58b56608b576c
915-150016TP,ce1b21339d84c5b978949d033b30414d
03-030005TC,23d5a9f0ba40e9adc3292c76b87a5959
915-150016TM,22e4bccc3e21839772d7f2ed46a745fe
901-010202-9010102021TC,nuevo
03-030005TP,ea3d017c4918ce58e9ce802125274a83
01-010019TM,d977a2a1c7ff2c7626e58b56608b576c
01-080101-010082A,bc824a3bb576ee3b7312803a7f225e4e
03-030005TM,0f210ec88c43352b995be1b21fbae299
03-030051A,d977a2a1c7ff2c7626e58b56608b576c
01-010019TP,d977a2a1c7ff2c7626e58b56608b576c
03-030075A,6eeff8e5ccfdab36c3b0a066b9bdbb66
915-150016TC,2a91eeed6df5af4e3324f09910f32329
01-080101-010085TC,64e656056b4a6bbb78d5526b3cbadb9a
03-02010301-030081TC,d977a2a1c7ff2c7626e58b56608b576c
915-150005TP,1b0fc0e4c5d2c27d6196bfa581be725a
01-010061TP,4ebbeb7c2e45fb8ef3b4faee15523708
03-030016TC,135b2f3d16f10aadcd7a1e64c383a5b4
915-150005TM,480e3834228ddef3ef8aee5aec97d0f5
01-010061TM,4f5e17e055f48fc2357151abfc4241f0
01-080101-010085TM,9d50756d27d550ceb104136e9fadb9ef
03-030016TP,e23f0036d392bc5288233b226bb4056b
03-030050A,2111c0f12829eeaf4cb870e8a37dab17
01-080101-010081A,2045b556ca5e11ebcb31d85624d2865e
03-02010301-030081TP,d977a2a1c7ff2c7626e58b56608b576c
01-080101-010085TP,ce10a16a2cccc05f0e49772bab7907d2
03-02010301-030081TM,d977a2a1c7ff2c7626e58b56608b576c
03-030074A,d977a2a1c7ff2c7626e58b56608b576c
915-150005TC,67004c0d3bb568ac36e2a173088563ea
