Año	Residencia área código	Residencia continente nombre	Residencia área nombre	Inscripción provincia código	Inscripción provincia nombre	Inscripción municipio código	Inscripción municipio nombre	Inscripcion municipio estrato	Sexo	Personas
2009	01	Europa	UE-27	22	Huesca	22048	Barbastro	6	Hombre	3,0
2009	01	Europa	UE-27	22	Huesca	22048	Barbastro	6	Mujer	6,0
2009	01	Europa	UE-27	22	Huesca	22112	Fraga	6	Mujer	5,0
2009	01	Europa	UE-27	22	Huesca	22125	Huesca	7	Hombre	30,0
2009	01	Europa	UE-27	22	Huesca	22125	Huesca	7	Mujer	35,0
2009	01	Europa	UE-27	22	Huesca	22130	Jaca	6	Hombre	4,0
2009	01	Europa	UE-27	22	Huesca	22130	Jaca	6	Mujer	8,0
2009	01	Europa	UE-27	22	Huesca	22158	Monzón	6	Mujer	3,0
2009	01	Europa	UE-27	44	Teruel	44013	Alcañiz	6	Hombre	2,0
2009	01	Europa	UE-27	44	Teruel	44013	Alcañiz	6	Mujer	5,0
2009	01	Europa	UE-27	44	Teruel	44216	Teruel	7	Hombre	25,0
2009	01	Europa	UE-27	44	Teruel	44216	Teruel	7	Mujer	15,0
2009	01	Europa	UE-27	50	Zaragoza	50067	Calatayud	6	Hombre	3,0
2009	01	Europa	UE-27	50	Zaragoza	50067	Calatayud	6	Mujer	9,0
2009	01	Europa	UE-27	50	Zaragoza	50089	Cuarte de Huerva	6	Hombre	1,0
2009	01	Europa	UE-27	50	Zaragoza	50089	Cuarte de Huerva	6	Mujer	1,0
2009	01	Europa	UE-27	50	Zaragoza	50095	Ejea de los Caballeros	6	Mujer	5,0
2009	01	Europa	UE-27	50	Zaragoza	50251	Tarazona	6	Hombre	2,0
2009	01	Europa	UE-27	50	Zaragoza	50272	Utebo	6	Hombre	3,0
2009	01	Europa	UE-27	50	Zaragoza	50297	Zaragoza	7	Hombre	307,0
2009	01	Europa	UE-27	50	Zaragoza	50297	Zaragoza	7	Mujer	356,0
2009	01	Europa	UE-27_2007	22	Huesca	22048	Barbastro	6	Hombre	60,0
2009	01	Europa	UE-27_2007	22	Huesca	22048	Barbastro	6	Mujer	53,0
2009	01	Europa	UE-27_2007	22	Huesca	22112	Fraga	6	Hombre	16,0
2009	01	Europa	UE-27_2007	22	Huesca	22112	Fraga	6	Mujer	19,0
2009	01	Europa	UE-27_2007	22	Huesca	22125	Huesca	7	Hombre	187,0
2009	01	Europa	UE-27_2007	22	Huesca	22125	Huesca	7	Mujer	169,0
2009	01	Europa	UE-27_2007	22	Huesca	22130	Jaca	6	Hombre	82,0
2009	01	Europa	UE-27_2007	22	Huesca	22130	Jaca	6	Mujer	100,0
2009	01	Europa	UE-27_2007	22	Huesca	22158	Monzón	6	Hombre	38,0
2009	01	Europa	UE-27_2007	22	Huesca	22158	Monzón	6	Mujer	49,0
2009	01	Europa	UE-27_2007	44	Teruel	44013	Alcañiz	6	Hombre	41,0
2009	01	Europa	UE-27_2007	44	Teruel	44013	Alcañiz	6	Mujer	44,0
2009	01	Europa	UE-27_2007	44	Teruel	44216	Teruel	7	Hombre	110,0
2009	01	Europa	UE-27_2007	44	Teruel	44216	Teruel	7	Mujer	118,0
2009	01	Europa	UE-27_2007	50	Zaragoza	50067	Calatayud	6	Hombre	28,0
2009	01	Europa	UE-27_2007	50	Zaragoza	50067	Calatayud	6	Mujer	30,0
2009	01	Europa	UE-27_2007	50	Zaragoza	50089	Cuarte de Huerva	6	Hombre	6,0
2009	01	Europa	UE-27_2007	50	Zaragoza	50089	Cuarte de Huerva	6	Mujer	9,0
2009	01	Europa	UE-27_2007	50	Zaragoza	50095	Ejea de los Caballeros	6	Hombre	36,0
2009	01	Europa	UE-27_2007	50	Zaragoza	50095	Ejea de los Caballeros	6	Mujer	51,0
2009	01	Europa	UE-27_2007	50	Zaragoza	50251	Tarazona	6	Hombre	17,0
2009	01	Europa	UE-27_2007	50	Zaragoza	50251	Tarazona	6	Mujer	24,0
2009	01	Europa	UE-27_2007	50	Zaragoza	50272	Utebo	6	Hombre	16,0
2009	01	Europa	UE-27_2007	50	Zaragoza	50272	Utebo	6	Mujer	19,0
2009	01	Europa	UE-27_2007	50	Zaragoza	50297	Zaragoza	7	Hombre	1868,0
2009	01	Europa	UE-27_2007	50	Zaragoza	50297	Zaragoza	7	Mujer	2213,0
2009	02	Europa	Resto de Europa	22	Huesca	22048	Barbastro	6	Hombre	16,0
2009	02	Europa	Resto de Europa	22	Huesca	22048	Barbastro	6	Mujer	12,0
2009	02	Europa	Resto de Europa	22	Huesca	22112	Fraga	6	Hombre	16,0
2009	02	Europa	Resto de Europa	22	Huesca	22112	Fraga	6	Mujer	14,0
2009	02	Europa	Resto de Europa	22	Huesca	22125	Huesca	7	Hombre	21,0
2009	02	Europa	Resto de Europa	22	Huesca	22125	Huesca	7	Mujer	23,0
2009	02	Europa	Resto de Europa	22	Huesca	22130	Jaca	6	Hombre	5,0
2009	02	Europa	Resto de Europa	22	Huesca	22130	Jaca	6	Mujer	8,0
2009	02	Europa	Resto de Europa	22	Huesca	22158	Monzón	6	Hombre	13,0
2009	02	Europa	Resto de Europa	22	Huesca	22158	Monzón	6	Mujer	13,0
2009	02	Europa	Resto de Europa	44	Teruel	44013	Alcañiz	6	Hombre	7,0
2009	02	Europa	Resto de Europa	44	Teruel	44013	Alcañiz	6	Mujer	10,0
2009	02	Europa	Resto de Europa	44	Teruel	44216	Teruel	7	Hombre	16,0
2009	02	Europa	Resto de Europa	44	Teruel	44216	Teruel	7	Mujer	20,0
2009	02	Europa	Resto de Europa	50	Zaragoza	50067	Calatayud	6	Hombre	12,0
2009	02	Europa	Resto de Europa	50	Zaragoza	50067	Calatayud	6	Mujer	12,0
2009	02	Europa	Resto de Europa	50	Zaragoza	50089	Cuarte de Huerva	6	Mujer	1,0
2009	02	Europa	Resto de Europa	50	Zaragoza	50095	Ejea de los Caballeros	6	Hombre	2,0
2009	02	Europa	Resto de Europa	50	Zaragoza	50095	Ejea de los Caballeros	6	Mujer	3,0
2009	02	Europa	Resto de Europa	50	Zaragoza	50251	Tarazona	6	Hombre	5,0
2009	02	Europa	Resto de Europa	50	Zaragoza	50251	Tarazona	6	Mujer	7,0
2009	02	Europa	Resto de Europa	50	Zaragoza	50272	Utebo	6	Hombre	6,0
2009	02	Europa	Resto de Europa	50	Zaragoza	50272	Utebo	6	Mujer	2,0
2009	02	Europa	Resto de Europa	50	Zaragoza	50297	Zaragoza	7	Hombre	350,0
2009	02	Europa	Resto de Europa	50	Zaragoza	50297	Zaragoza	7	Mujer	409,0
2009	03	África	Magreb	22	Huesca	22125	Huesca	7	Hombre	7,0
2009	03	África	Magreb	22	Huesca	22125	Huesca	7	Mujer	3,0
2009	03	África	Magreb	22	Huesca	22130	Jaca	6	Mujer	1,0
2009	03	África	Magreb	22	Huesca	22158	Monzón	6	Hombre	1,0
2009	03	África	Magreb	22	Huesca	22158	Monzón	6	Mujer	2,0
2009	03	África	Magreb	44	Teruel	44216	Teruel	7	Hombre	3,0
2009	03	África	Magreb	44	Teruel	44216	Teruel	7	Mujer	3,0
2009	03	África	Magreb	50	Zaragoza	50297	Zaragoza	7	Hombre	38,0
2009	03	África	Magreb	50	Zaragoza	50297	Zaragoza	7	Mujer	43,0
2009	04	África	Resto de África	22	Huesca	22048	Barbastro	6	Hombre	3,0
2009	04	África	Resto de África	22	Huesca	22048	Barbastro	6	Mujer	2,0
2009	04	África	Resto de África	22	Huesca	22112	Fraga	6	Hombre	1,0
2009	04	África	Resto de África	22	Huesca	22125	Huesca	7	Hombre	1,0
2009	04	África	Resto de África	22	Huesca	22125	Huesca	7	Mujer	5,0
2009	04	África	Resto de África	22	Huesca	22130	Jaca	6	Hombre	2,0
2009	04	África	Resto de África	22	Huesca	22130	Jaca	6	Mujer	1,0
2009	04	África	Resto de África	22	Huesca	22158	Monzón	6	Hombre	2,0
2009	04	África	Resto de África	44	Teruel	44216	Teruel	7	Hombre	1,0
2009	04	África	Resto de África	44	Teruel	44216	Teruel	7	Mujer	3,0
2009	04	África	Resto de África	50	Zaragoza	50067	Calatayud	6	Hombre	1,0
2009	04	África	Resto de África	50	Zaragoza	50095	Ejea de los Caballeros	6	Hombre	1,0
2009	04	África	Resto de África	50	Zaragoza	50251	Tarazona	6	Mujer	2,0
2009	04	África	Resto de África	50	Zaragoza	50272	Utebo	6	Hombre	2,0
2009	04	África	Resto de África	50	Zaragoza	50297	Zaragoza	7	Hombre	64,0
2009	04	África	Resto de África	50	Zaragoza	50297	Zaragoza	7	Mujer	54,0
2009	05	América	América del Norte	22	Huesca	22048	Barbastro	6	Hombre	7,0
2009	05	América	América del Norte	22	Huesca	22048	Barbastro	6	Mujer	5,0
2009	05	América	América del Norte	22	Huesca	22112	Fraga	6	Mujer	4,0
2009	05	América	América del Norte	22	Huesca	22125	Huesca	7	Hombre	15,0
2009	05	América	América del Norte	22	Huesca	22125	Huesca	7	Mujer	25,0
2009	05	América	América del Norte	22	Huesca	22130	Jaca	6	Hombre	10,0
2009	05	América	América del Norte	22	Huesca	22130	Jaca	6	Mujer	11,0
2009	05	América	América del Norte	22	Huesca	22158	Monzón	6	Hombre	3,0
2009	05	América	América del Norte	22	Huesca	22158	Monzón	6	Mujer	10,0
2009	05	América	América del Norte	44	Teruel	44013	Alcañiz	6	Hombre	5,0
2009	05	América	América del Norte	44	Teruel	44013	Alcañiz	6	Mujer	5,0
2009	05	América	América del Norte	44	Teruel	44216	Teruel	7	Hombre	20,0
2009	05	América	América del Norte	44	Teruel	44216	Teruel	7	Mujer	32,0
2009	05	América	América del Norte	50	Zaragoza	50067	Calatayud	6	Hombre	3,0
2009	05	América	América del Norte	50	Zaragoza	50067	Calatayud	6	Mujer	13,0
2009	05	América	América del Norte	50	Zaragoza	50089	Cuarte de Huerva	6	Mujer	3,0
2009	05	América	América del Norte	50	Zaragoza	50095	Ejea de los Caballeros	6	Hombre	7,0
2009	05	América	América del Norte	50	Zaragoza	50095	Ejea de los Caballeros	6	Mujer	5,0
2009	05	América	América del Norte	50	Zaragoza	50251	Tarazona	6	Mujer	6,0
2009	05	América	América del Norte	50	Zaragoza	50272	Utebo	6	Hombre	3,0
2009	05	América	América del Norte	50	Zaragoza	50272	Utebo	6	Mujer	8,0
2009	05	América	América del Norte	50	Zaragoza	50297	Zaragoza	7	Hombre	492,0
2009	05	América	América del Norte	50	Zaragoza	50297	Zaragoza	7	Mujer	729,0
2009	06	América	Resto de América	22	Huesca	22048	Barbastro	6	Hombre	51,0
2009	06	América	Resto de América	22	Huesca	22048	Barbastro	6	Mujer	46,0
2009	06	América	Resto de América	22	Huesca	22112	Fraga	6	Hombre	11,0
2009	06	América	Resto de América	22	Huesca	22112	Fraga	6	Mujer	19,0
2009	06	América	Resto de América	22	Huesca	22125	Huesca	7	Hombre	184,0
2009	06	América	Resto de América	22	Huesca	22125	Huesca	7	Mujer	200,0
2009	06	América	Resto de América	22	Huesca	22130	Jaca	6	Hombre	40,0
2009	06	América	Resto de América	22	Huesca	22130	Jaca	6	Mujer	57,0
2009	06	América	Resto de América	22	Huesca	22158	Monzón	6	Hombre	40,0
2009	06	América	Resto de América	22	Huesca	22158	Monzón	6	Mujer	44,0
2009	06	América	Resto de América	44	Teruel	44013	Alcañiz	6	Hombre	34,0
2009	06	América	Resto de América	44	Teruel	44013	Alcañiz	6	Mujer	46,0
2009	06	América	Resto de América	44	Teruel	44216	Teruel	7	Hombre	184,0
2009	06	América	Resto de América	44	Teruel	44216	Teruel	7	Mujer	152,0
2009	06	América	Resto de América	50	Zaragoza	50067	Calatayud	6	Hombre	46,0
2009	06	América	Resto de América	50	Zaragoza	50067	Calatayud	6	Mujer	47,0
2009	06	América	Resto de América	50	Zaragoza	50089	Cuarte de Huerva	6	Hombre	2,0
2009	06	América	Resto de América	50	Zaragoza	50089	Cuarte de Huerva	6	Mujer	4,0
2009	06	América	Resto de América	50	Zaragoza	50095	Ejea de los Caballeros	6	Hombre	45,0
2009	06	América	Resto de América	50	Zaragoza	50095	Ejea de los Caballeros	6	Mujer	47,0
2009	06	América	Resto de América	50	Zaragoza	50251	Tarazona	6	Hombre	44,0
2009	06	América	Resto de América	50	Zaragoza	50251	Tarazona	6	Mujer	42,0
2009	06	América	Resto de América	50	Zaragoza	50272	Utebo	6	Hombre	3,0
2009	06	América	Resto de América	50	Zaragoza	50272	Utebo	6	Mujer	7,0
2009	06	América	Resto de América	50	Zaragoza	50297	Zaragoza	7	Hombre	2309,0
2009	06	América	Resto de América	50	Zaragoza	50297	Zaragoza	7	Mujer	2379,0
2009	07	Asia	Asia	22	Huesca	22112	Fraga	6	Hombre	1,0
2009	07	Asia	Asia	22	Huesca	22125	Huesca	7	Hombre	7,0
2009	07	Asia	Asia	22	Huesca	22125	Huesca	7	Mujer	2,0
2009	07	Asia	Asia	22	Huesca	22130	Jaca	6	Mujer	1,0
2009	07	Asia	Asia	22	Huesca	22158	Monzón	6	Hombre	1,0
2009	07	Asia	Asia	44	Teruel	44216	Teruel	7	Hombre	2,0
2009	07	Asia	Asia	44	Teruel	44216	Teruel	7	Mujer	3,0
2009	07	Asia	Asia	50	Zaragoza	50067	Calatayud	6	Hombre	5,0
2009	07	Asia	Asia	50	Zaragoza	50067	Calatayud	6	Mujer	9,0
2009	07	Asia	Asia	50	Zaragoza	50251	Tarazona	6	Mujer	1,0
2009	07	Asia	Asia	50	Zaragoza	50297	Zaragoza	7	Hombre	153,0
2009	07	Asia	Asia	50	Zaragoza	50297	Zaragoza	7	Mujer	139,0
2009	08	Oceanía	Oceanía	22	Huesca	22048	Barbastro	6	Hombre	1,0
2009	08	Oceanía	Oceanía	22	Huesca	22048	Barbastro	6	Mujer	2,0
2009	08	Oceanía	Oceanía	22	Huesca	22125	Huesca	7	Hombre	2,0
2009	08	Oceanía	Oceanía	22	Huesca	22125	Huesca	7	Mujer	4,0
2009	08	Oceanía	Oceanía	22	Huesca	22130	Jaca	6	Hombre	2,0
2009	08	Oceanía	Oceanía	22	Huesca	22130	Jaca	6	Mujer	4,0
2009	08	Oceanía	Oceanía	44	Teruel	44013	Alcañiz	6	Hombre	1,0
2009	08	Oceanía	Oceanía	44	Teruel	44013	Alcañiz	6	Mujer	1,0
2009	08	Oceanía	Oceanía	44	Teruel	44216	Teruel	7	Hombre	5,0
2009	08	Oceanía	Oceanía	44	Teruel	44216	Teruel	7	Mujer	6,0
2009	08	Oceanía	Oceanía	50	Zaragoza	50297	Zaragoza	7	Hombre	50,0
2009	08	Oceanía	Oceanía	50	Zaragoza	50297	Zaragoza	7	Mujer	60,0
2010	01	Europa	UE-27	22	Huesca	22048	Barbastro	6	Hombre	4,0
2010	01	Europa	UE-27	22	Huesca	22048	Barbastro	6	Mujer	7,0
2010	01	Europa	UE-27	22	Huesca	22112	Fraga	6	Hombre	1,0
2010	01	Europa	UE-27	22	Huesca	22112	Fraga	6	Mujer	6,0
2010	01	Europa	UE-27	22	Huesca	22125	Huesca	7	Hombre	31,0
2010	01	Europa	UE-27	22	Huesca	22125	Huesca	7	Mujer	37,0
2010	01	Europa	UE-27	22	Huesca	22130	Jaca	6	Hombre	4,0
2010	01	Europa	UE-27	22	Huesca	22130	Jaca	6	Mujer	8,0
2010	01	Europa	UE-27	22	Huesca	22158	Monzón	6	Hombre	2,0
2010	01	Europa	UE-27	22	Huesca	22158	Monzón	6	Mujer	4,0
2010	01	Europa	UE-27	44	Teruel	44013	Alcañiz	6	Hombre	3,0
2010	01	Europa	UE-27	44	Teruel	44013	Alcañiz	6	Mujer	4,0
2010	01	Europa	UE-27	44	Teruel	44216	Teruel	7	Hombre	28,0
2010	01	Europa	UE-27	44	Teruel	44216	Teruel	7	Mujer	20,0
2010	01	Europa	UE-27	50	Zaragoza	50067	Calatayud	6	Hombre	3,0
2010	01	Europa	UE-27	50	Zaragoza	50067	Calatayud	6	Mujer	9,0
2010	01	Europa	UE-27	50	Zaragoza	50089	Cuarte de Huerva	6	Hombre	1,0
2010	01	Europa	UE-27	50	Zaragoza	50095	Ejea de los Caballeros	6	Mujer	5,0
2010	01	Europa	UE-27	50	Zaragoza	50251	Tarazona	6	Hombre	2,0
2010	01	Europa	UE-27	50	Zaragoza	50251	Tarazona	6	Mujer	1,0
2010	01	Europa	UE-27	50	Zaragoza	50272	Utebo	6	Hombre	3,0
2010	01	Europa	UE-27	50	Zaragoza	50272	Utebo	6	Mujer	1,0
2010	01	Europa	UE-27	50	Zaragoza	50297	Zaragoza	7	Hombre	329,0
2010	01	Europa	UE-27	50	Zaragoza	50297	Zaragoza	7	Mujer	390,0
2010	01	Europa	UE-27_2007	22	Huesca	22048	Barbastro	6	Hombre	61,0
2010	01	Europa	UE-27_2007	22	Huesca	22048	Barbastro	6	Mujer	58,0
2010	01	Europa	UE-27_2007	22	Huesca	22112	Fraga	6	Hombre	17,0
2010	01	Europa	UE-27_2007	22	Huesca	22112	Fraga	6	Mujer	22,0
2010	01	Europa	UE-27_2007	22	Huesca	22125	Huesca	7	Hombre	196,0
2010	01	Europa	UE-27_2007	22	Huesca	22125	Huesca	7	Mujer	177,0
2010	01	Europa	UE-27_2007	22	Huesca	22130	Jaca	6	Hombre	98,0
2010	01	Europa	UE-27_2007	22	Huesca	22130	Jaca	6	Mujer	116,0
2010	01	Europa	UE-27_2007	22	Huesca	22158	Monzón	6	Hombre	38,0
2010	01	Europa	UE-27_2007	22	Huesca	22158	Monzón	6	Mujer	50,0
2010	01	Europa	UE-27_2007	44	Teruel	44013	Alcañiz	6	Hombre	46,0
2010	01	Europa	UE-27_2007	44	Teruel	44013	Alcañiz	6	Mujer	42,0
2010	01	Europa	UE-27_2007	44	Teruel	44216	Teruel	7	Hombre	112,0
2010	01	Europa	UE-27_2007	44	Teruel	44216	Teruel	7	Mujer	117,0
2010	01	Europa	UE-27_2007	50	Zaragoza	50067	Calatayud	6	Hombre	28,0
2010	01	Europa	UE-27_2007	50	Zaragoza	50067	Calatayud	6	Mujer	33,0
2010	01	Europa	UE-27_2007	50	Zaragoza	50089	Cuarte de Huerva	6	Hombre	8,0
2010	01	Europa	UE-27_2007	50	Zaragoza	50089	Cuarte de Huerva	6	Mujer	8,0
2010	01	Europa	UE-27_2007	50	Zaragoza	50095	Ejea de los Caballeros	6	Hombre	38,0
2010	01	Europa	UE-27_2007	50	Zaragoza	50095	Ejea de los Caballeros	6	Mujer	54,0
2010	01	Europa	UE-27_2007	50	Zaragoza	50251	Tarazona	6	Hombre	18,0
2010	01	Europa	UE-27_2007	50	Zaragoza	50251	Tarazona	6	Mujer	25,0
2010	01	Europa	UE-27_2007	50	Zaragoza	50272	Utebo	6	Hombre	17,0
2010	01	Europa	UE-27_2007	50	Zaragoza	50272	Utebo	6	Mujer	17,0
2010	01	Europa	UE-27_2007	50	Zaragoza	50297	Zaragoza	7	Hombre	1971,0
2010	01	Europa	UE-27_2007	50	Zaragoza	50297	Zaragoza	7	Mujer	2349,0
2010	02	Europa	Resto de Europa	22	Huesca	22048	Barbastro	6	Hombre	18,0
2010	02	Europa	Resto de Europa	22	Huesca	22048	Barbastro	6	Mujer	13,0
2010	02	Europa	Resto de Europa	22	Huesca	22112	Fraga	6	Hombre	15,0
2010	02	Europa	Resto de Europa	22	Huesca	22112	Fraga	6	Mujer	17,0
2010	02	Europa	Resto de Europa	22	Huesca	22125	Huesca	7	Hombre	21,0
2010	02	Europa	Resto de Europa	22	Huesca	22125	Huesca	7	Mujer	24,0
2010	02	Europa	Resto de Europa	22	Huesca	22130	Jaca	6	Hombre	5,0
2010	02	Europa	Resto de Europa	22	Huesca	22130	Jaca	6	Mujer	7,0
2010	02	Europa	Resto de Europa	22	Huesca	22158	Monzón	6	Hombre	15,0
2010	02	Europa	Resto de Europa	22	Huesca	22158	Monzón	6	Mujer	15,0
2010	02	Europa	Resto de Europa	44	Teruel	44013	Alcañiz	6	Hombre	7,0
2010	02	Europa	Resto de Europa	44	Teruel	44013	Alcañiz	6	Mujer	10,0
2010	02	Europa	Resto de Europa	44	Teruel	44216	Teruel	7	Hombre	15,0
2010	02	Europa	Resto de Europa	44	Teruel	44216	Teruel	7	Mujer	20,0
2010	02	Europa	Resto de Europa	50	Zaragoza	50067	Calatayud	6	Hombre	13,0
2010	02	Europa	Resto de Europa	50	Zaragoza	50067	Calatayud	6	Mujer	13,0
2010	02	Europa	Resto de Europa	50	Zaragoza	50089	Cuarte de Huerva	6	Mujer	1,0
2010	02	Europa	Resto de Europa	50	Zaragoza	50095	Ejea de los Caballeros	6	Hombre	2,0
2010	02	Europa	Resto de Europa	50	Zaragoza	50095	Ejea de los Caballeros	6	Mujer	4,0
2010	02	Europa	Resto de Europa	50	Zaragoza	50251	Tarazona	6	Hombre	5,0
2010	02	Europa	Resto de Europa	50	Zaragoza	50251	Tarazona	6	Mujer	7,0
2010	02	Europa	Resto de Europa	50	Zaragoza	50272	Utebo	6	Hombre	7,0
2010	02	Europa	Resto de Europa	50	Zaragoza	50272	Utebo	6	Mujer	3,0
2010	02	Europa	Resto de Europa	50	Zaragoza	50297	Zaragoza	7	Hombre	358,0
2010	02	Europa	Resto de Europa	50	Zaragoza	50297	Zaragoza	7	Mujer	411,0
2010	03	África	Magreb	22	Huesca	22048	Barbastro	6	Mujer	1,0
2010	03	África	Magreb	22	Huesca	22125	Huesca	7	Hombre	5,0
2010	03	África	Magreb	22	Huesca	22125	Huesca	7	Mujer	2,0
2010	03	África	Magreb	22	Huesca	22130	Jaca	6	Mujer	1,0
2010	03	África	Magreb	22	Huesca	22158	Monzón	6	Mujer	1,0
2010	03	África	Magreb	44	Teruel	44216	Teruel	7	Hombre	4,0
2010	03	África	Magreb	44	Teruel	44216	Teruel	7	Mujer	3,0
2010	03	África	Magreb	50	Zaragoza	50089	Cuarte de Huerva	6	Hombre	3,0
2010	03	África	Magreb	50	Zaragoza	50089	Cuarte de Huerva	6	Mujer	2,0
2010	03	África	Magreb	50	Zaragoza	50297	Zaragoza	7	Hombre	49,0
2010	03	África	Magreb	50	Zaragoza	50297	Zaragoza	7	Mujer	46,0
2010	04	África	Resto de África	22	Huesca	22048	Barbastro	6	Hombre	2,0
2010	04	África	Resto de África	22	Huesca	22048	Barbastro	6	Mujer	1,0
2010	04	África	Resto de África	22	Huesca	22112	Fraga	6	Hombre	1,0
2010	04	África	Resto de África	22	Huesca	22125	Huesca	7	Hombre	3,0
2010	04	África	Resto de África	22	Huesca	22125	Huesca	7	Mujer	5,0
2010	04	África	Resto de África	22	Huesca	22130	Jaca	6	Hombre	2,0
2010	04	África	Resto de África	22	Huesca	22130	Jaca	6	Mujer	1,0
2010	04	África	Resto de África	22	Huesca	22158	Monzón	6	Hombre	1,0
2010	04	África	Resto de África	22	Huesca	22158	Monzón	6	Mujer	1,0
2010	04	África	Resto de África	44	Teruel	44216	Teruel	7	Hombre	1,0
2010	04	África	Resto de África	44	Teruel	44216	Teruel	7	Mujer	3,0
2010	04	África	Resto de África	50	Zaragoza	50067	Calatayud	6	Hombre	1,0
2010	04	África	Resto de África	50	Zaragoza	50095	Ejea de los Caballeros	6	Hombre	1,0
2010	04	África	Resto de África	50	Zaragoza	50251	Tarazona	6	Mujer	2,0
2010	04	África	Resto de África	50	Zaragoza	50272	Utebo	6	Hombre	1,0
2010	04	África	Resto de África	50	Zaragoza	50297	Zaragoza	7	Hombre	63,0
2010	04	África	Resto de África	50	Zaragoza	50297	Zaragoza	7	Mujer	58,0
2010	05	América	América del Norte	22	Huesca	22048	Barbastro	6	Hombre	6,0
2010	05	América	América del Norte	22	Huesca	22048	Barbastro	6	Mujer	6,0
2010	05	América	América del Norte	22	Huesca	22112	Fraga	6	Hombre	1,0
2010	05	América	América del Norte	22	Huesca	22112	Fraga	6	Mujer	4,0
2010	05	América	América del Norte	22	Huesca	22125	Huesca	7	Hombre	24,0
2010	05	América	América del Norte	22	Huesca	22125	Huesca	7	Mujer	31,0
2010	05	América	América del Norte	22	Huesca	22130	Jaca	6	Hombre	10,0
2010	05	América	América del Norte	22	Huesca	22130	Jaca	6	Mujer	16,0
2010	05	América	América del Norte	22	Huesca	22158	Monzón	6	Hombre	3,0
2010	05	América	América del Norte	22	Huesca	22158	Monzón	6	Mujer	10,0
2010	05	América	América del Norte	44	Teruel	44013	Alcañiz	6	Hombre	5,0
2010	05	América	América del Norte	44	Teruel	44013	Alcañiz	6	Mujer	5,0
2010	05	América	América del Norte	44	Teruel	44216	Teruel	7	Hombre	21,0
2010	05	América	América del Norte	44	Teruel	44216	Teruel	7	Mujer	30,0
2010	05	América	América del Norte	50	Zaragoza	50067	Calatayud	6	Hombre	3,0
2010	05	América	América del Norte	50	Zaragoza	50067	Calatayud	6	Mujer	15,0
2010	05	América	América del Norte	50	Zaragoza	50089	Cuarte de Huerva	6	Mujer	3,0
2010	05	América	América del Norte	50	Zaragoza	50095	Ejea de los Caballeros	6	Hombre	7,0
2010	05	América	América del Norte	50	Zaragoza	50095	Ejea de los Caballeros	6	Mujer	7,0
2010	05	América	América del Norte	50	Zaragoza	50251	Tarazona	6	Hombre	1,0
2010	05	América	América del Norte	50	Zaragoza	50251	Tarazona	6	Mujer	8,0
2010	05	América	América del Norte	50	Zaragoza	50272	Utebo	6	Hombre	2,0
2010	05	América	América del Norte	50	Zaragoza	50272	Utebo	6	Mujer	7,0
2010	05	América	América del Norte	50	Zaragoza	50297	Zaragoza	7	Hombre	563,0
2010	05	América	América del Norte	50	Zaragoza	50297	Zaragoza	7	Mujer	788,0
2010	06	América	Resto de América	22	Huesca	22048	Barbastro	6	Hombre	55,0
2010	06	América	Resto de América	22	Huesca	22048	Barbastro	6	Mujer	49,0
2010	06	América	Resto de América	22	Huesca	22112	Fraga	6	Hombre	11,0
2010	06	América	Resto de América	22	Huesca	22112	Fraga	6	Mujer	19,0
2010	06	América	Resto de América	22	Huesca	22125	Huesca	7	Hombre	218,0
2010	06	América	Resto de América	22	Huesca	22125	Huesca	7	Mujer	229,0
2010	06	América	Resto de América	22	Huesca	22130	Jaca	6	Hombre	53,0
2010	06	América	Resto de América	22	Huesca	22130	Jaca	6	Mujer	61,0
2010	06	América	Resto de América	22	Huesca	22158	Monzón	6	Hombre	41,0
2010	06	América	Resto de América	22	Huesca	22158	Monzón	6	Mujer	46,0
2010	06	América	Resto de América	44	Teruel	44013	Alcañiz	6	Hombre	35,0
2010	06	América	Resto de América	44	Teruel	44013	Alcañiz	6	Mujer	48,0
2010	06	América	Resto de América	44	Teruel	44216	Teruel	7	Hombre	197,0
2010	06	América	Resto de América	44	Teruel	44216	Teruel	7	Mujer	168,0
2010	06	América	Resto de América	50	Zaragoza	50067	Calatayud	6	Hombre	51,0
2010	06	América	Resto de América	50	Zaragoza	50067	Calatayud	6	Mujer	49,0
2010	06	América	Resto de América	50	Zaragoza	50089	Cuarte de Huerva	6	Hombre	2,0
2010	06	América	Resto de América	50	Zaragoza	50089	Cuarte de Huerva	6	Mujer	6,0
2010	06	América	Resto de América	50	Zaragoza	50095	Ejea de los Caballeros	6	Hombre	51,0
2010	06	América	Resto de América	50	Zaragoza	50095	Ejea de los Caballeros	6	Mujer	49,0
2010	06	América	Resto de América	50	Zaragoza	50251	Tarazona	6	Hombre	45,0
2010	06	América	Resto de América	50	Zaragoza	50251	Tarazona	6	Mujer	45,0
2010	06	América	Resto de América	50	Zaragoza	50272	Utebo	6	Hombre	5,0
2010	06	América	Resto de América	50	Zaragoza	50272	Utebo	6	Mujer	7,0
2010	06	América	Resto de América	50	Zaragoza	50297	Zaragoza	7	Hombre	2476,0
2010	06	América	Resto de América	50	Zaragoza	50297	Zaragoza	7	Mujer	2566,0
2010	07	Asia	Asia	22	Huesca	22125	Huesca	7	Hombre	4,0
2010	07	Asia	Asia	22	Huesca	22125	Huesca	7	Mujer	4,0
2010	07	Asia	Asia	22	Huesca	22158	Monzón	6	Hombre	1,0
2010	07	Asia	Asia	44	Teruel	44013	Alcañiz	6	Hombre	1,0
2010	07	Asia	Asia	44	Teruel	44216	Teruel	7	Hombre	3,0
2010	07	Asia	Asia	44	Teruel	44216	Teruel	7	Mujer	3,0
2010	07	Asia	Asia	50	Zaragoza	50067	Calatayud	6	Hombre	6,0
2010	07	Asia	Asia	50	Zaragoza	50067	Calatayud	6	Mujer	9,0
2010	07	Asia	Asia	50	Zaragoza	50089	Cuarte de Huerva	6	Mujer	2,0
2010	07	Asia	Asia	50	Zaragoza	50095	Ejea de los Caballeros	6	Mujer	1,0
2010	07	Asia	Asia	50	Zaragoza	50251	Tarazona	6	Mujer	1,0
2010	07	Asia	Asia	50	Zaragoza	50297	Zaragoza	7	Hombre	177,0
2010	07	Asia	Asia	50	Zaragoza	50297	Zaragoza	7	Mujer	154,0
2010	08	Oceanía	Oceanía	22	Huesca	22048	Barbastro	6	Hombre	1,0
2010	08	Oceanía	Oceanía	22	Huesca	22048	Barbastro	6	Mujer	1,0
2010	08	Oceanía	Oceanía	22	Huesca	22125	Huesca	7	Hombre	3,0
2010	08	Oceanía	Oceanía	22	Huesca	22125	Huesca	7	Mujer	5,0
2010	08	Oceanía	Oceanía	22	Huesca	22130	Jaca	6	Hombre	2,0
2010	08	Oceanía	Oceanía	22	Huesca	22130	Jaca	6	Mujer	4,0
2010	08	Oceanía	Oceanía	44	Teruel	44013	Alcañiz	6	Hombre	1,0
2010	08	Oceanía	Oceanía	44	Teruel	44013	Alcañiz	6	Mujer	1,0
2010	08	Oceanía	Oceanía	44	Teruel	44216	Teruel	7	Hombre	5,0
2010	08	Oceanía	Oceanía	44	Teruel	44216	Teruel	7	Mujer	6,0
2010	08	Oceanía	Oceanía	50	Zaragoza	50067	Calatayud	6	Mujer	1,0
2010	08	Oceanía	Oceanía	50	Zaragoza	50297	Zaragoza	7	Hombre	49,0
2010	08	Oceanía	Oceanía	50	Zaragoza	50297	Zaragoza	7	Mujer	63,0
2011	01	Europa	UE-27	22	Huesca	22048	Barbastro	6	Hombre	3,0
2011	01	Europa	UE-27	22	Huesca	22048	Barbastro	6	Mujer	7,0
2011	01	Europa	UE-27	22	Huesca	22112	Fraga	6	Hombre	1,0
2011	01	Europa	UE-27	22	Huesca	22112	Fraga	6	Mujer	5,0
2011	01	Europa	UE-27	22	Huesca	22125	Huesca	7	Hombre	33,0
2011	01	Europa	UE-27	22	Huesca	22125	Huesca	7	Mujer	44,0
2011	01	Europa	UE-27	22	Huesca	22130	Jaca	6	Hombre	4,0
2011	01	Europa	UE-27	22	Huesca	22130	Jaca	6	Mujer	9,0
2011	01	Europa	UE-27	22	Huesca	22158	Monzón	6	Hombre	2,0
2011	01	Europa	UE-27	22	Huesca	22158	Monzón	6	Mujer	4,0
2011	01	Europa	UE-27	44	Teruel	44013	Alcañiz	6	Hombre	5,0
2011	01	Europa	UE-27	44	Teruel	44013	Alcañiz	6	Mujer	6,0
2011	01	Europa	UE-27	44	Teruel	44216	Teruel	7	Hombre	29,0
2011	01	Europa	UE-27	44	Teruel	44216	Teruel	7	Mujer	22,0
2011	01	Europa	UE-27	50	Zaragoza	50067	Calatayud	6	Hombre	3,0
2011	01	Europa	UE-27	50	Zaragoza	50067	Calatayud	6	Mujer	10,0
2011	01	Europa	UE-27	50	Zaragoza	50089	Cuarte de Huerva	6	Hombre	1,0
2011	01	Europa	UE-27	50	Zaragoza	50095	Ejea de los Caballeros	6	Mujer	6,0
2011	01	Europa	UE-27	50	Zaragoza	50251	Tarazona	6	Hombre	3,0
2011	01	Europa	UE-27	50	Zaragoza	50251	Tarazona	6	Mujer	1,0
2011	01	Europa	UE-27	50	Zaragoza	50272	Utebo	6	Hombre	5,0
2011	01	Europa	UE-27	50	Zaragoza	50297	Zaragoza	7	Hombre	359,0
2011	01	Europa	UE-27	50	Zaragoza	50297	Zaragoza	7	Mujer	422,0
2011	01	Europa	UE-27_2007	22	Huesca	22048	Barbastro	6	Hombre	65,0
2011	01	Europa	UE-27_2007	22	Huesca	22048	Barbastro	6	Mujer	58,0
2011	01	Europa	UE-27_2007	22	Huesca	22112	Fraga	6	Hombre	20,0
2011	01	Europa	UE-27_2007	22	Huesca	22112	Fraga	6	Mujer	23,0
2011	01	Europa	UE-27_2007	22	Huesca	22125	Huesca	7	Hombre	202,0
2011	01	Europa	UE-27_2007	22	Huesca	22125	Huesca	7	Mujer	189,0
2011	01	Europa	UE-27_2007	22	Huesca	22130	Jaca	6	Hombre	106,0
2011	01	Europa	UE-27_2007	22	Huesca	22130	Jaca	6	Mujer	117,0
2011	01	Europa	UE-27_2007	22	Huesca	22158	Monzón	6	Hombre	39,0
2011	01	Europa	UE-27_2007	22	Huesca	22158	Monzón	6	Mujer	47,0
2011	01	Europa	UE-27_2007	44	Teruel	44013	Alcañiz	6	Hombre	48,0
2011	01	Europa	UE-27_2007	44	Teruel	44013	Alcañiz	6	Mujer	48,0
2011	01	Europa	UE-27_2007	44	Teruel	44216	Teruel	7	Hombre	123,0
2011	01	Europa	UE-27_2007	44	Teruel	44216	Teruel	7	Mujer	127,0
2011	01	Europa	UE-27_2007	50	Zaragoza	50067	Calatayud	6	Hombre	31,0
2011	01	Europa	UE-27_2007	50	Zaragoza	50067	Calatayud	6	Mujer	37,0
2011	01	Europa	UE-27_2007	50	Zaragoza	50089	Cuarte de Huerva	6	Hombre	8,0
2011	01	Europa	UE-27_2007	50	Zaragoza	50089	Cuarte de Huerva	6	Mujer	9,0
2011	01	Europa	UE-27_2007	50	Zaragoza	50095	Ejea de los Caballeros	6	Hombre	36,0
2011	01	Europa	UE-27_2007	50	Zaragoza	50095	Ejea de los Caballeros	6	Mujer	55,0
2011	01	Europa	UE-27_2007	50	Zaragoza	50251	Tarazona	6	Hombre	19,0
2011	01	Europa	UE-27_2007	50	Zaragoza	50251	Tarazona	6	Mujer	24,0
2011	01	Europa	UE-27_2007	50	Zaragoza	50272	Utebo	6	Hombre	18,0
2011	01	Europa	UE-27_2007	50	Zaragoza	50272	Utebo	6	Mujer	20,0
2011	01	Europa	UE-27_2007	50	Zaragoza	50297	Zaragoza	7	Hombre	2082,0
2011	01	Europa	UE-27_2007	50	Zaragoza	50297	Zaragoza	7	Mujer	2468,0
2011	02	Europa	Resto de Europa	22	Huesca	22048	Barbastro	6	Hombre	17,0
2011	02	Europa	Resto de Europa	22	Huesca	22048	Barbastro	6	Mujer	15,0
2011	02	Europa	Resto de Europa	22	Huesca	22112	Fraga	6	Hombre	15,0
2011	02	Europa	Resto de Europa	22	Huesca	22112	Fraga	6	Mujer	16,0
2011	02	Europa	Resto de Europa	22	Huesca	22125	Huesca	7	Hombre	23,0
2011	02	Europa	Resto de Europa	22	Huesca	22125	Huesca	7	Mujer	24,0
2011	02	Europa	Resto de Europa	22	Huesca	22130	Jaca	6	Hombre	5,0
2011	02	Europa	Resto de Europa	22	Huesca	22130	Jaca	6	Mujer	7,0
2011	02	Europa	Resto de Europa	22	Huesca	22158	Monzón	6	Hombre	16,0
2011	02	Europa	Resto de Europa	22	Huesca	22158	Monzón	6	Mujer	17,0
2011	02	Europa	Resto de Europa	44	Teruel	44013	Alcañiz	6	Hombre	7,0
2011	02	Europa	Resto de Europa	44	Teruel	44013	Alcañiz	6	Mujer	12,0
2011	02	Europa	Resto de Europa	44	Teruel	44216	Teruel	7	Hombre	17,0
2011	02	Europa	Resto de Europa	44	Teruel	44216	Teruel	7	Mujer	21,0
2011	02	Europa	Resto de Europa	50	Zaragoza	50067	Calatayud	6	Hombre	13,0
2011	02	Europa	Resto de Europa	50	Zaragoza	50067	Calatayud	6	Mujer	13,0
2011	02	Europa	Resto de Europa	50	Zaragoza	50089	Cuarte de Huerva	6	Mujer	2,0
2011	02	Europa	Resto de Europa	50	Zaragoza	50095	Ejea de los Caballeros	6	Hombre	2,0
2011	02	Europa	Resto de Europa	50	Zaragoza	50095	Ejea de los Caballeros	6	Mujer	3,0
2011	02	Europa	Resto de Europa	50	Zaragoza	50251	Tarazona	6	Hombre	5,0
2011	02	Europa	Resto de Europa	50	Zaragoza	50251	Tarazona	6	Mujer	6,0
2011	02	Europa	Resto de Europa	50	Zaragoza	50272	Utebo	6	Hombre	5,0
2011	02	Europa	Resto de Europa	50	Zaragoza	50272	Utebo	6	Mujer	5,0
2011	02	Europa	Resto de Europa	50	Zaragoza	50297	Zaragoza	7	Hombre	364,0
2011	02	Europa	Resto de Europa	50	Zaragoza	50297	Zaragoza	7	Mujer	425,0
2011	03	África	Magreb	22	Huesca	22048	Barbastro	6	Mujer	1,0
2011	03	África	Magreb	22	Huesca	22125	Huesca	7	Hombre	7,0
2011	03	África	Magreb	22	Huesca	22125	Huesca	7	Mujer	2,0
2011	03	África	Magreb	22	Huesca	22130	Jaca	6	Mujer	1,0
2011	03	África	Magreb	22	Huesca	22158	Monzón	6	Mujer	1,0
2011	03	África	Magreb	44	Teruel	44216	Teruel	7	Hombre	4,0
2011	03	África	Magreb	44	Teruel	44216	Teruel	7	Mujer	3,0
2011	03	África	Magreb	50	Zaragoza	50089	Cuarte de Huerva	6	Hombre	3,0
2011	03	África	Magreb	50	Zaragoza	50089	Cuarte de Huerva	6	Mujer	2,0
2011	03	África	Magreb	50	Zaragoza	50297	Zaragoza	7	Hombre	48,0
2011	03	África	Magreb	50	Zaragoza	50297	Zaragoza	7	Mujer	42,0
2011	04	África	Resto de África	22	Huesca	22048	Barbastro	6	Hombre	3,0
2011	04	África	Resto de África	22	Huesca	22048	Barbastro	6	Mujer	1,0
2011	04	África	Resto de África	22	Huesca	22112	Fraga	6	Hombre	1,0
2011	04	África	Resto de África	22	Huesca	22125	Huesca	7	Hombre	2,0
2011	04	África	Resto de África	22	Huesca	22125	Huesca	7	Mujer	5,0
2011	04	África	Resto de África	22	Huesca	22130	Jaca	6	Hombre	2,0
2011	04	África	Resto de África	22	Huesca	22130	Jaca	6	Mujer	1,0
2011	04	África	Resto de África	22	Huesca	22158	Monzón	6	Hombre	1,0
2011	04	África	Resto de África	44	Teruel	44216	Teruel	7	Hombre	1,0
2011	04	África	Resto de África	44	Teruel	44216	Teruel	7	Mujer	3,0
2011	04	África	Resto de África	50	Zaragoza	50095	Ejea de los Caballeros	6	Hombre	1,0
2011	04	África	Resto de África	50	Zaragoza	50251	Tarazona	6	Mujer	2,0
2011	04	África	Resto de África	50	Zaragoza	50272	Utebo	6	Hombre	2,0
2011	04	África	Resto de África	50	Zaragoza	50297	Zaragoza	7	Hombre	76,0
2011	04	África	Resto de África	50	Zaragoza	50297	Zaragoza	7	Mujer	75,0
2011	05	América	América del Norte	22	Huesca	22048	Barbastro	6	Hombre	6,0
2011	05	América	América del Norte	22	Huesca	22048	Barbastro	6	Mujer	6,0
2011	05	América	América del Norte	22	Huesca	22112	Fraga	6	Hombre	1,0
2011	05	América	América del Norte	22	Huesca	22112	Fraga	6	Mujer	5,0
2011	05	América	América del Norte	22	Huesca	22125	Huesca	7	Hombre	24,0
2011	05	América	América del Norte	22	Huesca	22125	Huesca	7	Mujer	33,0
2011	05	América	América del Norte	22	Huesca	22130	Jaca	6	Hombre	10,0
2011	05	América	América del Norte	22	Huesca	22130	Jaca	6	Mujer	17,0
2011	05	América	América del Norte	22	Huesca	22158	Monzón	6	Hombre	3,0
2011	05	América	América del Norte	22	Huesca	22158	Monzón	6	Mujer	11,0
2011	05	América	América del Norte	44	Teruel	44013	Alcañiz	6	Hombre	5,0
2011	05	América	América del Norte	44	Teruel	44013	Alcañiz	6	Mujer	5,0
2011	05	América	América del Norte	44	Teruel	44216	Teruel	7	Hombre	22,0
2011	05	América	América del Norte	44	Teruel	44216	Teruel	7	Mujer	33,0
2011	05	América	América del Norte	50	Zaragoza	50067	Calatayud	6	Hombre	4,0
2011	05	América	América del Norte	50	Zaragoza	50067	Calatayud	6	Mujer	16,0
2011	05	América	América del Norte	50	Zaragoza	50089	Cuarte de Huerva	6	Mujer	4,0
2011	05	América	América del Norte	50	Zaragoza	50095	Ejea de los Caballeros	6	Hombre	7,0
2011	05	América	América del Norte	50	Zaragoza	50095	Ejea de los Caballeros	6	Mujer	8,0
2011	05	América	América del Norte	50	Zaragoza	50251	Tarazona	6	Hombre	1,0
2011	05	América	América del Norte	50	Zaragoza	50251	Tarazona	6	Mujer	7,0
2011	05	América	América del Norte	50	Zaragoza	50272	Utebo	6	Hombre	3,0
2011	05	América	América del Norte	50	Zaragoza	50272	Utebo	6	Mujer	5,0
2011	05	América	América del Norte	50	Zaragoza	50297	Zaragoza	7	Hombre	597,0
2011	05	América	América del Norte	50	Zaragoza	50297	Zaragoza	7	Mujer	835,0
2011	06	América	Resto de América	22	Huesca	22048	Barbastro	6	Hombre	62,0
2011	06	América	Resto de América	22	Huesca	22048	Barbastro	6	Mujer	53,0
2011	06	América	Resto de América	22	Huesca	22112	Fraga	6	Hombre	15,0
2011	06	América	Resto de América	22	Huesca	22112	Fraga	6	Mujer	23,0
2011	06	América	Resto de América	22	Huesca	22125	Huesca	7	Hombre	246,0
2011	06	América	Resto de América	22	Huesca	22125	Huesca	7	Mujer	254,0
2011	06	América	Resto de América	22	Huesca	22130	Jaca	6	Hombre	60,0
2011	06	América	Resto de América	22	Huesca	22130	Jaca	6	Mujer	64,0
2011	06	América	Resto de América	22	Huesca	22158	Monzón	6	Hombre	44,0
2011	06	América	Resto de América	22	Huesca	22158	Monzón	6	Mujer	48,0
2011	06	América	Resto de América	44	Teruel	44013	Alcañiz	6	Hombre	40,0
2011	06	América	Resto de América	44	Teruel	44013	Alcañiz	6	Mujer	50,0
2011	06	América	Resto de América	44	Teruel	44216	Teruel	7	Hombre	217,0
2011	06	América	Resto de América	44	Teruel	44216	Teruel	7	Mujer	200,0
2011	06	América	Resto de América	50	Zaragoza	50067	Calatayud	6	Hombre	53,0
2011	06	América	Resto de América	50	Zaragoza	50067	Calatayud	6	Mujer	52,0
2011	06	América	Resto de América	50	Zaragoza	50089	Cuarte de Huerva	6	Hombre	2,0
2011	06	América	Resto de América	50	Zaragoza	50089	Cuarte de Huerva	6	Mujer	6,0
2011	06	América	Resto de América	50	Zaragoza	50095	Ejea de los Caballeros	6	Hombre	60,0
2011	06	América	Resto de América	50	Zaragoza	50095	Ejea de los Caballeros	6	Mujer	60,0
2011	06	América	Resto de América	50	Zaragoza	50251	Tarazona	6	Hombre	50,0
2011	06	América	Resto de América	50	Zaragoza	50251	Tarazona	6	Mujer	49,0
2011	06	América	Resto de América	50	Zaragoza	50272	Utebo	6	Hombre	5,0
2011	06	América	Resto de América	50	Zaragoza	50272	Utebo	6	Mujer	7,0
2011	06	América	Resto de América	50	Zaragoza	50297	Zaragoza	7	Hombre	2728,0
2011	06	América	Resto de América	50	Zaragoza	50297	Zaragoza	7	Mujer	2841,0
2011	07	Asia	Asia	22	Huesca	22048	Barbastro	6	Hombre	1,0
2011	07	Asia	Asia	22	Huesca	22125	Huesca	7	Hombre	6,0
2011	07	Asia	Asia	22	Huesca	22125	Huesca	7	Mujer	4,0
2011	07	Asia	Asia	22	Huesca	22158	Monzón	6	Hombre	2,0
2011	07	Asia	Asia	22	Huesca	22158	Monzón	6	Mujer	2,0
2011	07	Asia	Asia	44	Teruel	44013	Alcañiz	6	Hombre	1,0
2011	07	Asia	Asia	44	Teruel	44216	Teruel	7	Hombre	3,0
2011	07	Asia	Asia	44	Teruel	44216	Teruel	7	Mujer	2,0
2011	07	Asia	Asia	50	Zaragoza	50067	Calatayud	6	Hombre	6,0
2011	07	Asia	Asia	50	Zaragoza	50067	Calatayud	6	Mujer	9,0
2011	07	Asia	Asia	50	Zaragoza	50089	Cuarte de Huerva	6	Mujer	1,0
2011	07	Asia	Asia	50	Zaragoza	50095	Ejea de los Caballeros	6	Mujer	1,0
2011	07	Asia	Asia	50	Zaragoza	50251	Tarazona	6	Mujer	1,0
2011	07	Asia	Asia	50	Zaragoza	50297	Zaragoza	7	Hombre	200,0
2011	07	Asia	Asia	50	Zaragoza	50297	Zaragoza	7	Mujer	159,0
2011	08	Oceanía	Oceanía	22	Huesca	22048	Barbastro	6	Hombre	1,0
2011	08	Oceanía	Oceanía	22	Huesca	22048	Barbastro	6	Mujer	1,0
2011	08	Oceanía	Oceanía	22	Huesca	22125	Huesca	7	Hombre	3,0
2011	08	Oceanía	Oceanía	22	Huesca	22125	Huesca	7	Mujer	6,0
2011	08	Oceanía	Oceanía	22	Huesca	22130	Jaca	6	Hombre	2,0
2011	08	Oceanía	Oceanía	22	Huesca	22130	Jaca	6	Mujer	4,0
2011	08	Oceanía	Oceanía	44	Teruel	44013	Alcañiz	6	Hombre	1,0
2011	08	Oceanía	Oceanía	44	Teruel	44013	Alcañiz	6	Mujer	1,0
2011	08	Oceanía	Oceanía	44	Teruel	44216	Teruel	7	Hombre	5,0
2011	08	Oceanía	Oceanía	44	Teruel	44216	Teruel	7	Mujer	6,0
2011	08	Oceanía	Oceanía	50	Zaragoza	50067	Calatayud	6	Mujer	1,0
2011	08	Oceanía	Oceanía	50	Zaragoza	50089	Cuarte de Huerva	6	Hombre	1,0
2011	08	Oceanía	Oceanía	50	Zaragoza	50297	Zaragoza	7	Hombre	57,0
2011	08	Oceanía	Oceanía	50	Zaragoza	50297	Zaragoza	7	Mujer	72,0
2012	01	Europa	UE-27	22	Huesca	22048	Barbastro	6	Hombre	3,0
2012	01	Europa	UE-27	22	Huesca	22048	Barbastro	6	Mujer	7,0
2012	01	Europa	UE-27	22	Huesca	22112	Fraga	6	Hombre	2,0
2012	01	Europa	UE-27	22	Huesca	22112	Fraga	6	Mujer	5,0
2012	01	Europa	UE-27	22	Huesca	22125	Huesca	7	Hombre	41,0
2012	01	Europa	UE-27	22	Huesca	22125	Huesca	7	Mujer	45,0
2012	01	Europa	UE-27	22	Huesca	22130	Jaca	6	Hombre	6,0
2012	01	Europa	UE-27	22	Huesca	22130	Jaca	6	Mujer	12,0
2012	01	Europa	UE-27	22	Huesca	22158	Monzón	6	Hombre	2,0
2012	01	Europa	UE-27	22	Huesca	22158	Monzón	6	Mujer	3,0
2012	01	Europa	UE-27	44	Teruel	44013	Alcañiz	6	Hombre	6,0
2012	01	Europa	UE-27	44	Teruel	44013	Alcañiz	6	Mujer	7,0
2012	01	Europa	UE-27	44	Teruel	44216	Teruel	7	Hombre	27,0
2012	01	Europa	UE-27	44	Teruel	44216	Teruel	7	Mujer	24,0
2012	01	Europa	UE-27	50	Zaragoza	50067	Calatayud	6	Hombre	3,0
2012	01	Europa	UE-27	50	Zaragoza	50067	Calatayud	6	Mujer	14,0
2012	01	Europa	UE-27	50	Zaragoza	50089	Cuarte de Huerva	6	Hombre	1,0
2012	01	Europa	UE-27	50	Zaragoza	50095	Ejea de los Caballeros	6	Mujer	6,0
2012	01	Europa	UE-27	50	Zaragoza	50251	Tarazona	6	Hombre	3,0
2012	01	Europa	UE-27	50	Zaragoza	50251	Tarazona	6	Mujer	1,0
2012	01	Europa	UE-27	50	Zaragoza	50272	Utebo	6	Hombre	8,0
2012	01	Europa	UE-27	50	Zaragoza	50272	Utebo	6	Mujer	2,0
2012	01	Europa	UE-27	50	Zaragoza	50297	Zaragoza	7	Hombre	398,0
2012	01	Europa	UE-27	50	Zaragoza	50297	Zaragoza	7	Mujer	454,0
2012	01	Europa	UE-27_2007	22	Huesca	22048	Barbastro	6	Hombre	74,0
2012	01	Europa	UE-27_2007	22	Huesca	22048	Barbastro	6	Mujer	61,0
2012	01	Europa	UE-27_2007	22	Huesca	22112	Fraga	6	Hombre	21,0
2012	01	Europa	UE-27_2007	22	Huesca	22112	Fraga	6	Mujer	22,0
2012	01	Europa	UE-27_2007	22	Huesca	22125	Huesca	7	Hombre	229,0
2012	01	Europa	UE-27_2007	22	Huesca	22125	Huesca	7	Mujer	216,0
2012	01	Europa	UE-27_2007	22	Huesca	22130	Jaca	6	Hombre	115,0
2012	01	Europa	UE-27_2007	22	Huesca	22130	Jaca	6	Mujer	117,0
2012	01	Europa	UE-27_2007	22	Huesca	22158	Monzón	6	Hombre	43,0
2012	01	Europa	UE-27_2007	22	Huesca	22158	Monzón	6	Mujer	53,0
2012	01	Europa	UE-27_2007	44	Teruel	44013	Alcañiz	6	Hombre	53,0
2012	01	Europa	UE-27_2007	44	Teruel	44013	Alcañiz	6	Mujer	52,0
2012	01	Europa	UE-27_2007	44	Teruel	44216	Teruel	7	Hombre	134,0
2012	01	Europa	UE-27_2007	44	Teruel	44216	Teruel	7	Mujer	131,0
2012	01	Europa	UE-27_2007	50	Zaragoza	50067	Calatayud	6	Hombre	31,0
2012	01	Europa	UE-27_2007	50	Zaragoza	50067	Calatayud	6	Mujer	36,0
2012	01	Europa	UE-27_2007	50	Zaragoza	50089	Cuarte de Huerva	6	Hombre	9,0
2012	01	Europa	UE-27_2007	50	Zaragoza	50089	Cuarte de Huerva	6	Mujer	10,0
2012	01	Europa	UE-27_2007	50	Zaragoza	50095	Ejea de los Caballeros	6	Hombre	38,0
2012	01	Europa	UE-27_2007	50	Zaragoza	50095	Ejea de los Caballeros	6	Mujer	54,0
2012	01	Europa	UE-27_2007	50	Zaragoza	50251	Tarazona	6	Hombre	20,0
2012	01	Europa	UE-27_2007	50	Zaragoza	50251	Tarazona	6	Mujer	26,0
2012	01	Europa	UE-27_2007	50	Zaragoza	50272	Utebo	6	Hombre	20,0
2012	01	Europa	UE-27_2007	50	Zaragoza	50272	Utebo	6	Mujer	19,0
2012	01	Europa	UE-27_2007	50	Zaragoza	50297	Zaragoza	7	Hombre	2205,0
2012	01	Europa	UE-27_2007	50	Zaragoza	50297	Zaragoza	7	Mujer	2594,0
2012	02	Europa	Resto de Europa	22	Huesca	22048	Barbastro	6	Hombre	15,0
2012	02	Europa	Resto de Europa	22	Huesca	22048	Barbastro	6	Mujer	14,0
2012	02	Europa	Resto de Europa	22	Huesca	22112	Fraga	6	Hombre	15,0
2012	02	Europa	Resto de Europa	22	Huesca	22112	Fraga	6	Mujer	16,0
2012	02	Europa	Resto de Europa	22	Huesca	22125	Huesca	7	Hombre	20,0
2012	02	Europa	Resto de Europa	22	Huesca	22125	Huesca	7	Mujer	24,0
2012	02	Europa	Resto de Europa	22	Huesca	22130	Jaca	6	Hombre	6,0
2012	02	Europa	Resto de Europa	22	Huesca	22130	Jaca	6	Mujer	7,0
2012	02	Europa	Resto de Europa	22	Huesca	22158	Monzón	6	Hombre	15,0
2012	02	Europa	Resto de Europa	22	Huesca	22158	Monzón	6	Mujer	19,0
2012	02	Europa	Resto de Europa	44	Teruel	44013	Alcañiz	6	Hombre	8,0
2012	02	Europa	Resto de Europa	44	Teruel	44013	Alcañiz	6	Mujer	12,0
2012	02	Europa	Resto de Europa	44	Teruel	44216	Teruel	7	Hombre	19,0
2012	02	Europa	Resto de Europa	44	Teruel	44216	Teruel	7	Mujer	20,0
2012	02	Europa	Resto de Europa	50	Zaragoza	50067	Calatayud	6	Hombre	15,0
2012	02	Europa	Resto de Europa	50	Zaragoza	50067	Calatayud	6	Mujer	14,0
2012	02	Europa	Resto de Europa	50	Zaragoza	50089	Cuarte de Huerva	6	Mujer	2,0
2012	02	Europa	Resto de Europa	50	Zaragoza	50095	Ejea de los Caballeros	6	Hombre	2,0
2012	02	Europa	Resto de Europa	50	Zaragoza	50095	Ejea de los Caballeros	6	Mujer	3,0
2012	02	Europa	Resto de Europa	50	Zaragoza	50251	Tarazona	6	Hombre	5,0
2012	02	Europa	Resto de Europa	50	Zaragoza	50251	Tarazona	6	Mujer	6,0
2012	02	Europa	Resto de Europa	50	Zaragoza	50272	Utebo	6	Hombre	5,0
2012	02	Europa	Resto de Europa	50	Zaragoza	50272	Utebo	6	Mujer	4,0
2012	02	Europa	Resto de Europa	50	Zaragoza	50297	Zaragoza	7	Hombre	403,0
2012	02	Europa	Resto de Europa	50	Zaragoza	50297	Zaragoza	7	Mujer	455,0
2012	03	África	Magreb	22	Huesca	22048	Barbastro	6	Mujer	1,0
2012	03	África	Magreb	22	Huesca	22125	Huesca	7	Hombre	5,0
2012	03	África	Magreb	22	Huesca	22125	Huesca	7	Mujer	5,0
2012	03	África	Magreb	22	Huesca	22130	Jaca	6	Mujer	1,0
2012	03	África	Magreb	44	Teruel	44216	Teruel	7	Hombre	6,0
2012	03	África	Magreb	44	Teruel	44216	Teruel	7	Mujer	5,0
2012	03	África	Magreb	50	Zaragoza	50089	Cuarte de Huerva	6	Hombre	1,0
2012	03	África	Magreb	50	Zaragoza	50095	Ejea de los Caballeros	6	Hombre	1,0
2012	03	África	Magreb	50	Zaragoza	50297	Zaragoza	7	Hombre	47,0
2012	03	África	Magreb	50	Zaragoza	50297	Zaragoza	7	Mujer	43,0
2012	04	África	Resto de África	22	Huesca	22048	Barbastro	6	Hombre	3,0
2012	04	África	Resto de África	22	Huesca	22048	Barbastro	6	Mujer	2,0
2012	04	África	Resto de África	22	Huesca	22112	Fraga	6	Hombre	1,0
2012	04	África	Resto de África	22	Huesca	22125	Huesca	7	Hombre	2,0
2012	04	África	Resto de África	22	Huesca	22125	Huesca	7	Mujer	5,0
2012	04	África	Resto de África	22	Huesca	22130	Jaca	6	Hombre	2,0
2012	04	África	Resto de África	22	Huesca	22130	Jaca	6	Mujer	1,0
2012	04	África	Resto de África	22	Huesca	22158	Monzón	6	Hombre	5,0
2012	04	África	Resto de África	22	Huesca	22158	Monzón	6	Mujer	1,0
2012	04	África	Resto de África	44	Teruel	44216	Teruel	7	Hombre	1,0
2012	04	África	Resto de África	44	Teruel	44216	Teruel	7	Mujer	3,0
2012	04	África	Resto de África	50	Zaragoza	50095	Ejea de los Caballeros	6	Hombre	1,0
2012	04	África	Resto de África	50	Zaragoza	50251	Tarazona	6	Mujer	3,0
2012	04	África	Resto de África	50	Zaragoza	50272	Utebo	6	Hombre	1,0
2012	04	África	Resto de África	50	Zaragoza	50297	Zaragoza	7	Hombre	81,0
2012	04	África	Resto de África	50	Zaragoza	50297	Zaragoza	7	Mujer	79,0
2012	05	América	América del Norte	22	Huesca	22048	Barbastro	6	Hombre	7,0
2012	05	América	América del Norte	22	Huesca	22048	Barbastro	6	Mujer	7,0
2012	05	América	América del Norte	22	Huesca	22112	Fraga	6	Hombre	1,0
2012	05	América	América del Norte	22	Huesca	22112	Fraga	6	Mujer	6,0
2012	05	América	América del Norte	22	Huesca	22125	Huesca	7	Hombre	29,0
2012	05	América	América del Norte	22	Huesca	22125	Huesca	7	Mujer	35,0
2012	05	América	América del Norte	22	Huesca	22130	Jaca	6	Hombre	12,0
2012	05	América	América del Norte	22	Huesca	22130	Jaca	6	Mujer	18,0
2012	05	América	América del Norte	22	Huesca	22158	Monzón	6	Hombre	3,0
2012	05	América	América del Norte	22	Huesca	22158	Monzón	6	Mujer	11,0
2012	05	América	América del Norte	44	Teruel	44013	Alcañiz	6	Hombre	5,0
2012	05	América	América del Norte	44	Teruel	44013	Alcañiz	6	Mujer	5,0
2012	05	América	América del Norte	44	Teruel	44216	Teruel	7	Hombre	23,0
2012	05	América	América del Norte	44	Teruel	44216	Teruel	7	Mujer	38,0
2012	05	América	América del Norte	50	Zaragoza	50067	Calatayud	6	Hombre	7,0
2012	05	América	América del Norte	50	Zaragoza	50067	Calatayud	6	Mujer	15,0
2012	05	América	América del Norte	50	Zaragoza	50089	Cuarte de Huerva	6	Mujer	4,0
2012	05	América	América del Norte	50	Zaragoza	50095	Ejea de los Caballeros	6	Hombre	5,0
2012	05	América	América del Norte	50	Zaragoza	50095	Ejea de los Caballeros	6	Mujer	6,0
2012	05	América	América del Norte	50	Zaragoza	50251	Tarazona	6	Hombre	1,0
2012	05	América	América del Norte	50	Zaragoza	50251	Tarazona	6	Mujer	7,0
2012	05	América	América del Norte	50	Zaragoza	50272	Utebo	6	Hombre	2,0
2012	05	América	América del Norte	50	Zaragoza	50272	Utebo	6	Mujer	2,0
2012	05	América	América del Norte	50	Zaragoza	50297	Zaragoza	7	Hombre	649,0
2012	05	América	América del Norte	50	Zaragoza	50297	Zaragoza	7	Mujer	881,0
2012	06	América	Resto de América	22	Huesca	22048	Barbastro	6	Hombre	64,0
2012	06	América	Resto de América	22	Huesca	22048	Barbastro	6	Mujer	55,0
2012	06	América	Resto de América	22	Huesca	22112	Fraga	6	Hombre	16,0
2012	06	América	Resto de América	22	Huesca	22112	Fraga	6	Mujer	22,0
2012	06	América	Resto de América	22	Huesca	22125	Huesca	7	Hombre	282,0
2012	06	América	Resto de América	22	Huesca	22125	Huesca	7	Mujer	292,0
2012	06	América	Resto de América	22	Huesca	22130	Jaca	6	Hombre	65,0
2012	06	América	Resto de América	22	Huesca	22130	Jaca	6	Mujer	75,0
2012	06	América	Resto de América	22	Huesca	22158	Monzón	6	Hombre	46,0
2012	06	América	Resto de América	22	Huesca	22158	Monzón	6	Mujer	50,0
2012	06	América	Resto de América	44	Teruel	44013	Alcañiz	6	Hombre	43,0
2012	06	América	Resto de América	44	Teruel	44013	Alcañiz	6	Mujer	57,0
2012	06	América	Resto de América	44	Teruel	44216	Teruel	7	Hombre	233,0
2012	06	América	Resto de América	44	Teruel	44216	Teruel	7	Mujer	228,0
2012	06	América	Resto de América	50	Zaragoza	50067	Calatayud	6	Hombre	55,0
2012	06	América	Resto de América	50	Zaragoza	50067	Calatayud	6	Mujer	52,0
2012	06	América	Resto de América	50	Zaragoza	50089	Cuarte de Huerva	6	Hombre	4,0
2012	06	América	Resto de América	50	Zaragoza	50089	Cuarte de Huerva	6	Mujer	8,0
2012	06	América	Resto de América	50	Zaragoza	50095	Ejea de los Caballeros	6	Hombre	59,0
2012	06	América	Resto de América	50	Zaragoza	50095	Ejea de los Caballeros	6	Mujer	60,0
2012	06	América	Resto de América	50	Zaragoza	50251	Tarazona	6	Hombre	51,0
2012	06	América	Resto de América	50	Zaragoza	50251	Tarazona	6	Mujer	51,0
2012	06	América	Resto de América	50	Zaragoza	50272	Utebo	6	Hombre	11,0
2012	06	América	Resto de América	50	Zaragoza	50272	Utebo	6	Mujer	8,0
2012	06	América	Resto de América	50	Zaragoza	50297	Zaragoza	7	Hombre	2962,0
2012	06	América	Resto de América	50	Zaragoza	50297	Zaragoza	7	Mujer	3087,0
2012	07	Asia	Asia	22	Huesca	22048	Barbastro	6	Hombre	1,0
2012	07	Asia	Asia	22	Huesca	22048	Barbastro	6	Mujer	1,0
2012	07	Asia	Asia	22	Huesca	22125	Huesca	7	Hombre	9,0
2012	07	Asia	Asia	22	Huesca	22125	Huesca	7	Mujer	4,0
2012	07	Asia	Asia	22	Huesca	22130	Jaca	6	Hombre	2,0
2012	07	Asia	Asia	22	Huesca	22130	Jaca	6	Mujer	1,0
2012	07	Asia	Asia	22	Huesca	22158	Monzón	6	Hombre	2,0
2012	07	Asia	Asia	22	Huesca	22158	Monzón	6	Mujer	1,0
2012	07	Asia	Asia	44	Teruel	44013	Alcañiz	6	Hombre	1,0
2012	07	Asia	Asia	44	Teruel	44216	Teruel	7	Hombre	4,0
2012	07	Asia	Asia	44	Teruel	44216	Teruel	7	Mujer	4,0
2012	07	Asia	Asia	50	Zaragoza	50067	Calatayud	6	Hombre	6,0
2012	07	Asia	Asia	50	Zaragoza	50067	Calatayud	6	Mujer	10,0
2012	07	Asia	Asia	50	Zaragoza	50089	Cuarte de Huerva	6	Mujer	2,0
2012	07	Asia	Asia	50	Zaragoza	50095	Ejea de los Caballeros	6	Mujer	1,0
2012	07	Asia	Asia	50	Zaragoza	50251	Tarazona	6	Mujer	2,0
2012	07	Asia	Asia	50	Zaragoza	50272	Utebo	6	Hombre	1,0
2012	07	Asia	Asia	50	Zaragoza	50297	Zaragoza	7	Hombre	217,0
2012	07	Asia	Asia	50	Zaragoza	50297	Zaragoza	7	Mujer	188,0
2012	08	Oceanía	Oceanía	22	Huesca	22048	Barbastro	6	Hombre	1,0
2012	08	Oceanía	Oceanía	22	Huesca	22112	Fraga	6	Hombre	1,0
2012	08	Oceanía	Oceanía	22	Huesca	22112	Fraga	6	Mujer	1,0
2012	08	Oceanía	Oceanía	22	Huesca	22125	Huesca	7	Hombre	2,0
2012	08	Oceanía	Oceanía	22	Huesca	22125	Huesca	7	Mujer	5,0
2012	08	Oceanía	Oceanía	22	Huesca	22130	Jaca	6	Hombre	1,0
2012	08	Oceanía	Oceanía	22	Huesca	22130	Jaca	6	Mujer	4,0
2012	08	Oceanía	Oceanía	44	Teruel	44013	Alcañiz	6	Hombre	1,0
2012	08	Oceanía	Oceanía	44	Teruel	44013	Alcañiz	6	Mujer	1,0
2012	08	Oceanía	Oceanía	44	Teruel	44216	Teruel	7	Hombre	7,0
2012	08	Oceanía	Oceanía	44	Teruel	44216	Teruel	7	Mujer	6,0
2012	08	Oceanía	Oceanía	50	Zaragoza	50067	Calatayud	6	Mujer	2,0
2012	08	Oceanía	Oceanía	50	Zaragoza	50089	Cuarte de Huerva	6	Hombre	1,0
2012	08	Oceanía	Oceanía	50	Zaragoza	50095	Ejea de los Caballeros	6	Hombre	1,0
2012	08	Oceanía	Oceanía	50	Zaragoza	50297	Zaragoza	7	Hombre	66,0
2012	08	Oceanía	Oceanía	50	Zaragoza	50297	Zaragoza	7	Mujer	74,0
2013	01	Europa	UE-27	22	Huesca	22048	Barbastro	6	Hombre	3,0
2013	01	Europa	UE-27	22	Huesca	22048	Barbastro	6	Mujer	8,0
2013	01	Europa	UE-27	22	Huesca	22112	Fraga	6	Hombre	5,0
2013	01	Europa	UE-27	22	Huesca	22112	Fraga	6	Mujer	7,0
2013	01	Europa	UE-27	22	Huesca	22125	Huesca	7	Hombre	45,0
2013	01	Europa	UE-27	22	Huesca	22125	Huesca	7	Mujer	54,0
2013	01	Europa	UE-27	22	Huesca	22130	Jaca	6	Hombre	11,0
2013	01	Europa	UE-27	22	Huesca	22130	Jaca	6	Mujer	13,0
2013	01	Europa	UE-27	22	Huesca	22158	Monzón	6	Hombre	1,0
2013	01	Europa	UE-27	22	Huesca	22158	Monzón	6	Mujer	4,0
2013	01	Europa	UE-27	44	Teruel	44013	Alcañiz	6	Hombre	6,0
2013	01	Europa	UE-27	44	Teruel	44013	Alcañiz	6	Mujer	7,0
2013	01	Europa	UE-27	44	Teruel	44216	Teruel	7	Hombre	33,0
2013	01	Europa	UE-27	44	Teruel	44216	Teruel	7	Mujer	29,0
2013	01	Europa	UE-27	50	Zaragoza	50067	Calatayud	6	Hombre	3,0
2013	01	Europa	UE-27	50	Zaragoza	50067	Calatayud	6	Mujer	14,0
2013	01	Europa	UE-27	50	Zaragoza	50089	Cuarte de Huerva	6	Hombre	1,0
2013	01	Europa	UE-27	50	Zaragoza	50089	Cuarte de Huerva	6	Mujer	1,0
2013	01	Europa	UE-27	50	Zaragoza	50095	Ejea de los Caballeros	6	Mujer	6,0
2013	01	Europa	UE-27	50	Zaragoza	50251	Tarazona	6	Hombre	2,0
2013	01	Europa	UE-27	50	Zaragoza	50272	Utebo	6	Hombre	6,0
2013	01	Europa	UE-27	50	Zaragoza	50297	Zaragoza	7	Hombre	457,0
2013	01	Europa	UE-27	50	Zaragoza	50297	Zaragoza	7	Mujer	499,0
2013	01	Europa	UE-27_2007	22	Huesca	22048	Barbastro	6	Hombre	80,0
2013	01	Europa	UE-27_2007	22	Huesca	22048	Barbastro	6	Mujer	66,0
2013	01	Europa	UE-27_2007	22	Huesca	22112	Fraga	6	Hombre	21,0
2013	01	Europa	UE-27_2007	22	Huesca	22112	Fraga	6	Mujer	23,0
2013	01	Europa	UE-27_2007	22	Huesca	22125	Huesca	7	Hombre	250,0
2013	01	Europa	UE-27_2007	22	Huesca	22125	Huesca	7	Mujer	242,0
2013	01	Europa	UE-27_2007	22	Huesca	22130	Jaca	6	Hombre	112,0
2013	01	Europa	UE-27_2007	22	Huesca	22130	Jaca	6	Mujer	118,0
2013	01	Europa	UE-27_2007	22	Huesca	22158	Monzón	6	Hombre	53,0
2013	01	Europa	UE-27_2007	22	Huesca	22158	Monzón	6	Mujer	64,0
2013	01	Europa	UE-27_2007	44	Teruel	44013	Alcañiz	6	Hombre	59,0
2013	01	Europa	UE-27_2007	44	Teruel	44013	Alcañiz	6	Mujer	58,0
2013	01	Europa	UE-27_2007	44	Teruel	44216	Teruel	7	Hombre	139,0
2013	01	Europa	UE-27_2007	44	Teruel	44216	Teruel	7	Mujer	140,0
2013	01	Europa	UE-27_2007	50	Zaragoza	50067	Calatayud	6	Hombre	30,0
2013	01	Europa	UE-27_2007	50	Zaragoza	50067	Calatayud	6	Mujer	37,0
2013	01	Europa	UE-27_2007	50	Zaragoza	50089	Cuarte de Huerva	6	Hombre	9,0
2013	01	Europa	UE-27_2007	50	Zaragoza	50089	Cuarte de Huerva	6	Mujer	10,0
2013	01	Europa	UE-27_2007	50	Zaragoza	50095	Ejea de los Caballeros	6	Hombre	39,0
2013	01	Europa	UE-27_2007	50	Zaragoza	50095	Ejea de los Caballeros	6	Mujer	56,0
2013	01	Europa	UE-27_2007	50	Zaragoza	50251	Tarazona	6	Hombre	21,0
2013	01	Europa	UE-27_2007	50	Zaragoza	50251	Tarazona	6	Mujer	26,0
2013	01	Europa	UE-27_2007	50	Zaragoza	50272	Utebo	6	Hombre	23,0
2013	01	Europa	UE-27_2007	50	Zaragoza	50272	Utebo	6	Mujer	22,0
2013	01	Europa	UE-27_2007	50	Zaragoza	50297	Zaragoza	7	Hombre	2375,0
2013	01	Europa	UE-27_2007	50	Zaragoza	50297	Zaragoza	7	Mujer	2792,0
2013	02	Europa	Resto de Europa	22	Huesca	22048	Barbastro	6	Hombre	18,0
2013	02	Europa	Resto de Europa	22	Huesca	22048	Barbastro	6	Mujer	16,0
2013	02	Europa	Resto de Europa	22	Huesca	22112	Fraga	6	Hombre	16,0
2013	02	Europa	Resto de Europa	22	Huesca	22112	Fraga	6	Mujer	17,0
2013	02	Europa	Resto de Europa	22	Huesca	22125	Huesca	7	Hombre	20,0
2013	02	Europa	Resto de Europa	22	Huesca	22125	Huesca	7	Mujer	24,0
2013	02	Europa	Resto de Europa	22	Huesca	22130	Jaca	6	Hombre	6,0
2013	02	Europa	Resto de Europa	22	Huesca	22130	Jaca	6	Mujer	8,0
2013	02	Europa	Resto de Europa	22	Huesca	22158	Monzón	6	Hombre	15,0
2013	02	Europa	Resto de Europa	22	Huesca	22158	Monzón	6	Mujer	18,0
2013	02	Europa	Resto de Europa	44	Teruel	44013	Alcañiz	6	Hombre	8,0
2013	02	Europa	Resto de Europa	44	Teruel	44013	Alcañiz	6	Mujer	15,0
2013	02	Europa	Resto de Europa	44	Teruel	44216	Teruel	7	Hombre	19,0
2013	02	Europa	Resto de Europa	44	Teruel	44216	Teruel	7	Mujer	21,0
2013	02	Europa	Resto de Europa	50	Zaragoza	50067	Calatayud	6	Hombre	16,0
2013	02	Europa	Resto de Europa	50	Zaragoza	50067	Calatayud	6	Mujer	16,0
2013	02	Europa	Resto de Europa	50	Zaragoza	50089	Cuarte de Huerva	6	Hombre	4,0
2013	02	Europa	Resto de Europa	50	Zaragoza	50089	Cuarte de Huerva	6	Mujer	5,0
2013	02	Europa	Resto de Europa	50	Zaragoza	50095	Ejea de los Caballeros	6	Hombre	2,0
2013	02	Europa	Resto de Europa	50	Zaragoza	50095	Ejea de los Caballeros	6	Mujer	3,0
2013	02	Europa	Resto de Europa	50	Zaragoza	50251	Tarazona	6	Hombre	5,0
2013	02	Europa	Resto de Europa	50	Zaragoza	50251	Tarazona	6	Mujer	6,0
2013	02	Europa	Resto de Europa	50	Zaragoza	50272	Utebo	6	Hombre	3,0
2013	02	Europa	Resto de Europa	50	Zaragoza	50272	Utebo	6	Mujer	2,0
2013	02	Europa	Resto de Europa	50	Zaragoza	50297	Zaragoza	7	Hombre	421,0
2013	02	Europa	Resto de Europa	50	Zaragoza	50297	Zaragoza	7	Mujer	470,0
2013	03	África	Magreb	22	Huesca	22048	Barbastro	6	Mujer	1,0
2013	03	África	Magreb	22	Huesca	22125	Huesca	7	Hombre	4,0
2013	03	África	Magreb	22	Huesca	22125	Huesca	7	Mujer	4,0
2013	03	África	Magreb	22	Huesca	22130	Jaca	6	Mujer	1,0
2013	03	África	Magreb	44	Teruel	44216	Teruel	7	Hombre	6,0
2013	03	África	Magreb	44	Teruel	44216	Teruel	7	Mujer	5,0
2013	03	África	Magreb	50	Zaragoza	50095	Ejea de los Caballeros	6	Hombre	3,0
2013	03	África	Magreb	50	Zaragoza	50095	Ejea de los Caballeros	6	Mujer	1,0
2013	03	África	Magreb	50	Zaragoza	50297	Zaragoza	7	Hombre	48,0
2013	03	África	Magreb	50	Zaragoza	50297	Zaragoza	7	Mujer	46,0
2013	04	África	Resto de África	22	Huesca	22048	Barbastro	6	Hombre	2,0
2013	04	África	Resto de África	22	Huesca	22048	Barbastro	6	Mujer	2,0
2013	04	África	Resto de África	22	Huesca	22112	Fraga	6	Hombre	1,0
2013	04	África	Resto de África	22	Huesca	22125	Huesca	7	Hombre	7,0
2013	04	África	Resto de África	22	Huesca	22125	Huesca	7	Mujer	5,0
2013	04	África	Resto de África	22	Huesca	22130	Jaca	6	Hombre	2,0
2013	04	África	Resto de África	22	Huesca	22130	Jaca	6	Mujer	1,0
2013	04	África	Resto de África	22	Huesca	22158	Monzón	6	Hombre	5,0
2013	04	África	Resto de África	22	Huesca	22158	Monzón	6	Mujer	3,0
2013	04	África	Resto de África	44	Teruel	44216	Teruel	7	Hombre	1,0
2013	04	África	Resto de África	44	Teruel	44216	Teruel	7	Mujer	4,0
2013	04	África	Resto de África	50	Zaragoza	50251	Tarazona	6	Mujer	1,0
2013	04	África	Resto de África	50	Zaragoza	50272	Utebo	6	Hombre	1,0
2013	04	África	Resto de África	50	Zaragoza	50297	Zaragoza	7	Hombre	101,0
2013	04	África	Resto de África	50	Zaragoza	50297	Zaragoza	7	Mujer	92,0
2013	05	América	América del Norte	22	Huesca	22048	Barbastro	6	Hombre	5,0
2013	05	América	América del Norte	22	Huesca	22048	Barbastro	6	Mujer	7,0
2013	05	América	América del Norte	22	Huesca	22112	Fraga	6	Hombre	1,0
2013	05	América	América del Norte	22	Huesca	22112	Fraga	6	Mujer	7,0
2013	05	América	América del Norte	22	Huesca	22125	Huesca	7	Hombre	32,0
2013	05	América	América del Norte	22	Huesca	22125	Huesca	7	Mujer	38,0
2013	05	América	América del Norte	22	Huesca	22130	Jaca	6	Hombre	18,0
2013	05	América	América del Norte	22	Huesca	22130	Jaca	6	Mujer	22,0
2013	05	América	América del Norte	22	Huesca	22158	Monzón	6	Hombre	4,0
2013	05	América	América del Norte	22	Huesca	22158	Monzón	6	Mujer	12,0
2013	05	América	América del Norte	44	Teruel	44013	Alcañiz	6	Hombre	8,0
2013	05	América	América del Norte	44	Teruel	44013	Alcañiz	6	Mujer	5,0
2013	05	América	América del Norte	44	Teruel	44216	Teruel	7	Hombre	25,0
2013	05	América	América del Norte	44	Teruel	44216	Teruel	7	Mujer	41,0
2013	05	América	América del Norte	50	Zaragoza	50067	Calatayud	6	Hombre	9,0
2013	05	América	América del Norte	50	Zaragoza	50067	Calatayud	6	Mujer	16,0
2013	05	América	América del Norte	50	Zaragoza	50089	Cuarte de Huerva	6	Hombre	1,0
2013	05	América	América del Norte	50	Zaragoza	50089	Cuarte de Huerva	6	Mujer	3,0
2013	05	América	América del Norte	50	Zaragoza	50095	Ejea de los Caballeros	6	Hombre	5,0
2013	05	América	América del Norte	50	Zaragoza	50095	Ejea de los Caballeros	6	Mujer	6,0
2013	05	América	América del Norte	50	Zaragoza	50251	Tarazona	6	Hombre	1,0
2013	05	América	América del Norte	50	Zaragoza	50251	Tarazona	6	Mujer	7,0
2013	05	América	América del Norte	50	Zaragoza	50272	Utebo	6	Hombre	2,0
2013	05	América	América del Norte	50	Zaragoza	50272	Utebo	6	Mujer	2,0
2013	05	América	América del Norte	50	Zaragoza	50297	Zaragoza	7	Hombre	675,0
2013	05	América	América del Norte	50	Zaragoza	50297	Zaragoza	7	Mujer	915,0
2013	06	América	Resto de América	22	Huesca	22048	Barbastro	6	Hombre	71,0
2013	06	América	Resto de América	22	Huesca	22048	Barbastro	6	Mujer	60,0
2013	06	América	Resto de América	22	Huesca	22112	Fraga	6	Hombre	15,0
2013	06	América	Resto de América	22	Huesca	22112	Fraga	6	Mujer	23,0
2013	06	América	Resto de América	22	Huesca	22125	Huesca	7	Hombre	297,0
2013	06	América	Resto de América	22	Huesca	22125	Huesca	7	Mujer	309,0
2013	06	América	Resto de América	22	Huesca	22130	Jaca	6	Hombre	71,0
2013	06	América	Resto de América	22	Huesca	22130	Jaca	6	Mujer	80,0
2013	06	América	Resto de América	22	Huesca	22158	Monzón	6	Hombre	50,0
2013	06	América	Resto de América	22	Huesca	22158	Monzón	6	Mujer	55,0
2013	06	América	Resto de América	44	Teruel	44013	Alcañiz	6	Hombre	50,0
2013	06	América	Resto de América	44	Teruel	44013	Alcañiz	6	Mujer	60,0
2013	06	América	Resto de América	44	Teruel	44216	Teruel	7	Hombre	253,0
2013	06	América	Resto de América	44	Teruel	44216	Teruel	7	Mujer	238,0
2013	06	América	Resto de América	50	Zaragoza	50067	Calatayud	6	Hombre	61,0
2013	06	América	Resto de América	50	Zaragoza	50067	Calatayud	6	Mujer	56,0
2013	06	América	Resto de América	50	Zaragoza	50089	Cuarte de Huerva	6	Hombre	4,0
2013	06	América	Resto de América	50	Zaragoza	50089	Cuarte de Huerva	6	Mujer	6,0
2013	06	América	Resto de América	50	Zaragoza	50095	Ejea de los Caballeros	6	Hombre	61,0
2013	06	América	Resto de América	50	Zaragoza	50095	Ejea de los Caballeros	6	Mujer	64,0
2013	06	América	Resto de América	50	Zaragoza	50251	Tarazona	6	Hombre	60,0
2013	06	América	Resto de América	50	Zaragoza	50251	Tarazona	6	Mujer	53,0
2013	06	América	Resto de América	50	Zaragoza	50272	Utebo	6	Hombre	13,0
2013	06	América	Resto de América	50	Zaragoza	50272	Utebo	6	Mujer	10,0
2013	06	América	Resto de América	50	Zaragoza	50297	Zaragoza	7	Hombre	3167,0
2013	06	América	Resto de América	50	Zaragoza	50297	Zaragoza	7	Mujer	3374,0
2013	07	Asia	Asia	22	Huesca	22048	Barbastro	6	Hombre	2,0
2013	07	Asia	Asia	22	Huesca	22048	Barbastro	6	Mujer	1,0
2013	07	Asia	Asia	22	Huesca	22125	Huesca	7	Hombre	9,0
2013	07	Asia	Asia	22	Huesca	22125	Huesca	7	Mujer	6,0
2013	07	Asia	Asia	22	Huesca	22130	Jaca	6	Hombre	3,0
2013	07	Asia	Asia	22	Huesca	22130	Jaca	6	Mujer	1,0
2013	07	Asia	Asia	22	Huesca	22158	Monzón	6	Hombre	1,0
2013	07	Asia	Asia	44	Teruel	44013	Alcañiz	6	Hombre	2,0
2013	07	Asia	Asia	44	Teruel	44013	Alcañiz	6	Mujer	1,0
2013	07	Asia	Asia	44	Teruel	44216	Teruel	7	Hombre	2,0
2013	07	Asia	Asia	44	Teruel	44216	Teruel	7	Mujer	5,0
2013	07	Asia	Asia	50	Zaragoza	50067	Calatayud	6	Hombre	6,0
2013	07	Asia	Asia	50	Zaragoza	50067	Calatayud	6	Mujer	10,0
2013	07	Asia	Asia	50	Zaragoza	50089	Cuarte de Huerva	6	Hombre	2,0
2013	07	Asia	Asia	50	Zaragoza	50089	Cuarte de Huerva	6	Mujer	5,0
2013	07	Asia	Asia	50	Zaragoza	50095	Ejea de los Caballeros	6	Mujer	1,0
2013	07	Asia	Asia	50	Zaragoza	50251	Tarazona	6	Mujer	2,0
2013	07	Asia	Asia	50	Zaragoza	50272	Utebo	6	Hombre	2,0
2013	07	Asia	Asia	50	Zaragoza	50272	Utebo	6	Mujer	4,0
2013	07	Asia	Asia	50	Zaragoza	50297	Zaragoza	7	Hombre	242,0
2013	07	Asia	Asia	50	Zaragoza	50297	Zaragoza	7	Mujer	196,0
2013	08	Oceanía	Oceanía	22	Huesca	22048	Barbastro	6	Hombre	1,0
2013	08	Oceanía	Oceanía	22	Huesca	22112	Fraga	6	Hombre	1,0
2013	08	Oceanía	Oceanía	22	Huesca	22112	Fraga	6	Mujer	1,0
2013	08	Oceanía	Oceanía	22	Huesca	22125	Huesca	7	Hombre	2,0
2013	08	Oceanía	Oceanía	22	Huesca	22125	Huesca	7	Mujer	5,0
2013	08	Oceanía	Oceanía	22	Huesca	22130	Jaca	6	Hombre	1,0
2013	08	Oceanía	Oceanía	22	Huesca	22130	Jaca	6	Mujer	4,0
2013	08	Oceanía	Oceanía	44	Teruel	44013	Alcañiz	6	Hombre	1,0
2013	08	Oceanía	Oceanía	44	Teruel	44013	Alcañiz	6	Mujer	1,0
2013	08	Oceanía	Oceanía	44	Teruel	44216	Teruel	7	Hombre	7,0
2013	08	Oceanía	Oceanía	44	Teruel	44216	Teruel	7	Mujer	7,0
2013	08	Oceanía	Oceanía	50	Zaragoza	50067	Calatayud	6	Mujer	2,0
2013	08	Oceanía	Oceanía	50	Zaragoza	50089	Cuarte de Huerva	6	Hombre	1,0
2013	08	Oceanía	Oceanía	50	Zaragoza	50095	Ejea de los Caballeros	6	Hombre	1,0
2013	08	Oceanía	Oceanía	50	Zaragoza	50297	Zaragoza	7	Hombre	70,0
2013	08	Oceanía	Oceanía	50	Zaragoza	50297	Zaragoza	7	Mujer	87,0
2014	01	Europa	UE-28	22	Huesca	22048	Barbastro	6	Hombre	94,0
2014	01	Europa	UE-28	22	Huesca	22048	Barbastro	6	Mujer	82,0
2014	01	Europa	UE-28	22	Huesca	22112	Fraga	6	Hombre	28,0
2014	01	Europa	UE-28	22	Huesca	22112	Fraga	6	Mujer	33,0
2014	01	Europa	UE-28	22	Huesca	22125	Huesca	7	Hombre	334,0
2014	01	Europa	UE-28	22	Huesca	22125	Huesca	7	Mujer	325,0
2014	01	Europa	UE-28	22	Huesca	22130	Jaca	6	Hombre	134,0
2014	01	Europa	UE-28	22	Huesca	22130	Jaca	6	Mujer	138,0
2014	01	Europa	UE-28	22	Huesca	22158	Monzón	6	Hombre	63,0
2014	01	Europa	UE-28	22	Huesca	22158	Monzón	6	Mujer	83,0
2014	01	Europa	UE-28	44	Teruel	44013	Alcañiz	6	Hombre	68,0
2014	01	Europa	UE-28	44	Teruel	44013	Alcañiz	6	Mujer	66,0
2014	01	Europa	UE-28	44	Teruel	44216	Teruel	7	Hombre	180,0
2014	01	Europa	UE-28	44	Teruel	44216	Teruel	7	Mujer	172,0
2014	01	Europa	UE-28	50	Zaragoza	50067	Calatayud	6	Hombre	38,0
2014	01	Europa	UE-28	50	Zaragoza	50067	Calatayud	6	Mujer	53,0
2014	01	Europa	UE-28	50	Zaragoza	50089	Cuarte de Huerva	6	Hombre	15,0
2014	01	Europa	UE-28	50	Zaragoza	50089	Cuarte de Huerva	6	Mujer	17,0
2014	01	Europa	UE-28	50	Zaragoza	50095	Ejea de los Caballeros	6	Hombre	43,0
2014	01	Europa	UE-28	50	Zaragoza	50095	Ejea de los Caballeros	6	Mujer	61,0
2014	01	Europa	UE-28	50	Zaragoza	50251	Tarazona	6	Hombre	23,0
2014	01	Europa	UE-28	50	Zaragoza	50251	Tarazona	6	Mujer	28,0
2014	01	Europa	UE-28	50	Zaragoza	50272	Utebo	6	Hombre	29,0
2014	01	Europa	UE-28	50	Zaragoza	50272	Utebo	6	Mujer	26,0
2014	01	Europa	UE-28	50	Zaragoza	50297	Zaragoza	7	Hombre	3091,0
2014	01	Europa	UE-28	50	Zaragoza	50297	Zaragoza	7	Mujer	3564,0
2014	02	Europa	Resto de Europa	22	Huesca	22048	Barbastro	6	Hombre	18,0
2014	02	Europa	Resto de Europa	22	Huesca	22048	Barbastro	6	Mujer	15,0
2014	02	Europa	Resto de Europa	22	Huesca	22112	Fraga	6	Hombre	13,0
2014	02	Europa	Resto de Europa	22	Huesca	22112	Fraga	6	Mujer	16,0
2014	02	Europa	Resto de Europa	22	Huesca	22125	Huesca	7	Hombre	21,0
2014	02	Europa	Resto de Europa	22	Huesca	22125	Huesca	7	Mujer	27,0
2014	02	Europa	Resto de Europa	22	Huesca	22130	Jaca	6	Hombre	10,0
2014	02	Europa	Resto de Europa	22	Huesca	22130	Jaca	6	Mujer	11,0
2014	02	Europa	Resto de Europa	22	Huesca	22158	Monzón	6	Hombre	15,0
2014	02	Europa	Resto de Europa	22	Huesca	22158	Monzón	6	Mujer	15,0
2014	02	Europa	Resto de Europa	44	Teruel	44013	Alcañiz	6	Hombre	9,0
2014	02	Europa	Resto de Europa	44	Teruel	44013	Alcañiz	6	Mujer	14,0
2014	02	Europa	Resto de Europa	44	Teruel	44216	Teruel	7	Hombre	18,0
2014	02	Europa	Resto de Europa	44	Teruel	44216	Teruel	7	Mujer	21,0
2014	02	Europa	Resto de Europa	50	Zaragoza	50067	Calatayud	6	Hombre	18,0
2014	02	Europa	Resto de Europa	50	Zaragoza	50067	Calatayud	6	Mujer	17,0
2014	02	Europa	Resto de Europa	50	Zaragoza	50089	Cuarte de Huerva	6	Hombre	4,0
2014	02	Europa	Resto de Europa	50	Zaragoza	50089	Cuarte de Huerva	6	Mujer	5,0
2014	02	Europa	Resto de Europa	50	Zaragoza	50095	Ejea de los Caballeros	6	Hombre	2,0
2014	02	Europa	Resto de Europa	50	Zaragoza	50095	Ejea de los Caballeros	6	Mujer	3,0
2014	02	Europa	Resto de Europa	50	Zaragoza	50251	Tarazona	6	Hombre	4,0
2014	02	Europa	Resto de Europa	50	Zaragoza	50251	Tarazona	6	Mujer	6,0
2014	02	Europa	Resto de Europa	50	Zaragoza	50272	Utebo	6	Hombre	3,0
2014	02	Europa	Resto de Europa	50	Zaragoza	50272	Utebo	6	Mujer	2,0
2014	02	Europa	Resto de Europa	50	Zaragoza	50297	Zaragoza	7	Hombre	450,0
2014	02	Europa	Resto de Europa	50	Zaragoza	50297	Zaragoza	7	Mujer	492,0
2014	03	África	Magreb	22	Huesca	22048	Barbastro	6	Mujer	1,0
2014	03	África	Magreb	22	Huesca	22125	Huesca	7	Hombre	4,0
2014	03	África	Magreb	22	Huesca	22125	Huesca	7	Mujer	2,0
2014	03	África	Magreb	22	Huesca	22130	Jaca	6	Mujer	1,0
2014	03	África	Magreb	44	Teruel	44216	Teruel	7	Hombre	7,0
2014	03	África	Magreb	44	Teruel	44216	Teruel	7	Mujer	5,0
2014	03	África	Magreb	50	Zaragoza	50067	Calatayud	6	Mujer	1,0
2014	03	África	Magreb	50	Zaragoza	50095	Ejea de los Caballeros	6	Hombre	4,0
2014	03	África	Magreb	50	Zaragoza	50095	Ejea de los Caballeros	6	Mujer	1,0
2014	03	África	Magreb	50	Zaragoza	50297	Zaragoza	7	Hombre	47,0
2014	03	África	Magreb	50	Zaragoza	50297	Zaragoza	7	Mujer	52,0
2014	04	África	Resto de África	22	Huesca	22048	Barbastro	6	Hombre	4,0
2014	04	África	Resto de África	22	Huesca	22048	Barbastro	6	Mujer	4,0
2014	04	África	Resto de África	22	Huesca	22112	Fraga	6	Hombre	1,0
2014	04	África	Resto de África	22	Huesca	22125	Huesca	7	Hombre	6,0
2014	04	África	Resto de África	22	Huesca	22125	Huesca	7	Mujer	9,0
2014	04	África	Resto de África	22	Huesca	22130	Jaca	6	Hombre	1,0
2014	04	África	Resto de África	22	Huesca	22130	Jaca	6	Mujer	1,0
2014	04	África	Resto de África	22	Huesca	22158	Monzón	6	Hombre	8,0
2014	04	África	Resto de África	22	Huesca	22158	Monzón	6	Mujer	3,0
2014	04	África	Resto de África	44	Teruel	44216	Teruel	7	Hombre	1,0
2014	04	África	Resto de África	44	Teruel	44216	Teruel	7	Mujer	4,0
2014	04	África	Resto de África	50	Zaragoza	50272	Utebo	6	Hombre	1,0
2014	04	África	Resto de África	50	Zaragoza	50297	Zaragoza	7	Hombre	91,0
2014	04	África	Resto de África	50	Zaragoza	50297	Zaragoza	7	Mujer	94,0
2014	05	América	América del Norte	22	Huesca	22048	Barbastro	6	Hombre	6,0
2014	05	América	América del Norte	22	Huesca	22048	Barbastro	6	Mujer	9,0
2014	05	América	América del Norte	22	Huesca	22112	Fraga	6	Hombre	1,0
2014	05	América	América del Norte	22	Huesca	22112	Fraga	6	Mujer	7,0
2014	05	América	América del Norte	22	Huesca	22125	Huesca	7	Hombre	35,0
2014	05	América	América del Norte	22	Huesca	22125	Huesca	7	Mujer	41,0
2014	05	América	América del Norte	22	Huesca	22130	Jaca	6	Hombre	18,0
2014	05	América	América del Norte	22	Huesca	22130	Jaca	6	Mujer	23,0
2014	05	América	América del Norte	22	Huesca	22158	Monzón	6	Hombre	5,0
2014	05	América	América del Norte	22	Huesca	22158	Monzón	6	Mujer	12,0
2014	05	América	América del Norte	44	Teruel	44013	Alcañiz	6	Hombre	8,0
2014	05	América	América del Norte	44	Teruel	44013	Alcañiz	6	Mujer	6,0
2014	05	América	América del Norte	44	Teruel	44216	Teruel	7	Hombre	23,0
2014	05	América	América del Norte	44	Teruel	44216	Teruel	7	Mujer	40,0
2014	05	América	América del Norte	50	Zaragoza	50067	Calatayud	6	Hombre	11,0
2014	05	América	América del Norte	50	Zaragoza	50067	Calatayud	6	Mujer	16,0
2014	05	América	América del Norte	50	Zaragoza	50089	Cuarte de Huerva	6	Hombre	1,0
2014	05	América	América del Norte	50	Zaragoza	50089	Cuarte de Huerva	6	Mujer	4,0
2014	05	América	América del Norte	50	Zaragoza	50095	Ejea de los Caballeros	6	Hombre	5,0
2014	05	América	América del Norte	50	Zaragoza	50095	Ejea de los Caballeros	6	Mujer	6,0
2014	05	América	América del Norte	50	Zaragoza	50251	Tarazona	6	Hombre	1,0
2014	05	América	América del Norte	50	Zaragoza	50251	Tarazona	6	Mujer	6,0
2014	05	América	América del Norte	50	Zaragoza	50272	Utebo	6	Hombre	2,0
2014	05	América	América del Norte	50	Zaragoza	50272	Utebo	6	Mujer	2,0
2014	05	América	América del Norte	50	Zaragoza	50297	Zaragoza	7	Hombre	706,0
2014	05	América	América del Norte	50	Zaragoza	50297	Zaragoza	7	Mujer	950,0
2014	06	América	Resto de América	22	Huesca	22048	Barbastro	6	Hombre	77,0
2014	06	América	Resto de América	22	Huesca	22048	Barbastro	6	Mujer	64,0
2014	06	América	Resto de América	22	Huesca	22112	Fraga	6	Hombre	20,0
2014	06	América	Resto de América	22	Huesca	22112	Fraga	6	Mujer	27,0
2014	06	América	Resto de América	22	Huesca	22125	Huesca	7	Hombre	318,0
2014	06	América	Resto de América	22	Huesca	22125	Huesca	7	Mujer	335,0
2014	06	América	Resto de América	22	Huesca	22130	Jaca	6	Hombre	82,0
2014	06	América	Resto de América	22	Huesca	22130	Jaca	6	Mujer	92,0
2014	06	América	Resto de América	22	Huesca	22158	Monzón	6	Hombre	53,0
2014	06	América	Resto de América	22	Huesca	22158	Monzón	6	Mujer	57,0
2014	06	América	Resto de América	44	Teruel	44013	Alcañiz	6	Hombre	60,0
2014	06	América	Resto de América	44	Teruel	44013	Alcañiz	6	Mujer	70,0
2014	06	América	Resto de América	44	Teruel	44216	Teruel	7	Hombre	272,0
2014	06	América	Resto de América	44	Teruel	44216	Teruel	7	Mujer	255,0
2014	06	América	Resto de América	50	Zaragoza	50067	Calatayud	6	Hombre	63,0
2014	06	América	Resto de América	50	Zaragoza	50067	Calatayud	6	Mujer	64,0
2014	06	América	Resto de América	50	Zaragoza	50089	Cuarte de Huerva	6	Hombre	6,0
2014	06	América	Resto de América	50	Zaragoza	50089	Cuarte de Huerva	6	Mujer	8,0
2014	06	América	Resto de América	50	Zaragoza	50095	Ejea de los Caballeros	6	Hombre	66,0
2014	06	América	Resto de América	50	Zaragoza	50095	Ejea de los Caballeros	6	Mujer	73,0
2014	06	América	Resto de América	50	Zaragoza	50251	Tarazona	6	Hombre	64,0
2014	06	América	Resto de América	50	Zaragoza	50251	Tarazona	6	Mujer	63,0
2014	06	América	Resto de América	50	Zaragoza	50272	Utebo	6	Hombre	16,0
2014	06	América	Resto de América	50	Zaragoza	50272	Utebo	6	Mujer	11,0
2014	06	América	Resto de América	50	Zaragoza	50297	Zaragoza	7	Hombre	3458,0
2014	06	América	Resto de América	50	Zaragoza	50297	Zaragoza	7	Mujer	3635,0
2014	07	Asia	Asia	22	Huesca	22048	Barbastro	6	Hombre	4,0
2014	07	Asia	Asia	22	Huesca	22048	Barbastro	6	Mujer	1,0
2014	07	Asia	Asia	22	Huesca	22125	Huesca	7	Hombre	10,0
2014	07	Asia	Asia	22	Huesca	22125	Huesca	7	Mujer	6,0
2014	07	Asia	Asia	22	Huesca	22130	Jaca	6	Hombre	2,0
2014	07	Asia	Asia	22	Huesca	22130	Jaca	6	Mujer	1,0
2014	07	Asia	Asia	22	Huesca	22158	Monzón	6	Hombre	1,0
2014	07	Asia	Asia	22	Huesca	22158	Monzón	6	Mujer	1,0
2014	07	Asia	Asia	44	Teruel	44013	Alcañiz	6	Hombre	2,0
2014	07	Asia	Asia	44	Teruel	44013	Alcañiz	6	Mujer	1,0
2014	07	Asia	Asia	44	Teruel	44216	Teruel	7	Hombre	2,0
2014	07	Asia	Asia	44	Teruel	44216	Teruel	7	Mujer	4,0
2014	07	Asia	Asia	50	Zaragoza	50067	Calatayud	6	Hombre	6,0
2014	07	Asia	Asia	50	Zaragoza	50067	Calatayud	6	Mujer	10,0
2014	07	Asia	Asia	50	Zaragoza	50089	Cuarte de Huerva	6	Hombre	2,0
2014	07	Asia	Asia	50	Zaragoza	50089	Cuarte de Huerva	6	Mujer	5,0
2014	07	Asia	Asia	50	Zaragoza	50095	Ejea de los Caballeros	6	Mujer	2,0
2014	07	Asia	Asia	50	Zaragoza	50251	Tarazona	6	Mujer	2,0
2014	07	Asia	Asia	50	Zaragoza	50272	Utebo	6	Hombre	3,0
2014	07	Asia	Asia	50	Zaragoza	50272	Utebo	6	Mujer	4,0
2014	07	Asia	Asia	50	Zaragoza	50297	Zaragoza	7	Hombre	249,0
2014	07	Asia	Asia	50	Zaragoza	50297	Zaragoza	7	Mujer	206,0
2014	08	Oceanía	Oceanía	22	Huesca	22048	Barbastro	6	Hombre	1,0
2014	08	Oceanía	Oceanía	22	Huesca	22112	Fraga	6	Hombre	2,0
2014	08	Oceanía	Oceanía	22	Huesca	22112	Fraga	6	Mujer	1,0
2014	08	Oceanía	Oceanía	22	Huesca	22125	Huesca	7	Hombre	3,0
2014	08	Oceanía	Oceanía	22	Huesca	22125	Huesca	7	Mujer	6,0
2014	08	Oceanía	Oceanía	22	Huesca	22130	Jaca	6	Hombre	2,0
2014	08	Oceanía	Oceanía	22	Huesca	22130	Jaca	6	Mujer	4,0
2014	08	Oceanía	Oceanía	44	Teruel	44013	Alcañiz	6	Hombre	1,0
2014	08	Oceanía	Oceanía	44	Teruel	44013	Alcañiz	6	Mujer	1,0
2014	08	Oceanía	Oceanía	44	Teruel	44216	Teruel	7	Hombre	9,0
2014	08	Oceanía	Oceanía	44	Teruel	44216	Teruel	7	Mujer	7,0
2014	08	Oceanía	Oceanía	50	Zaragoza	50067	Calatayud	6	Hombre	2,0
2014	08	Oceanía	Oceanía	50	Zaragoza	50067	Calatayud	6	Mujer	4,0
2014	08	Oceanía	Oceanía	50	Zaragoza	50089	Cuarte de Huerva	6	Hombre	1,0
2014	08	Oceanía	Oceanía	50	Zaragoza	50095	Ejea de los Caballeros	6	Hombre	2,0
2014	08	Oceanía	Oceanía	50	Zaragoza	50095	Ejea de los Caballeros	6	Mujer	1,0
2014	08	Oceanía	Oceanía	50	Zaragoza	50297	Zaragoza	7	Hombre	74,0
2014	08	Oceanía	Oceanía	50	Zaragoza	50297	Zaragoza	7	Mujer	94,0
2016	01	Europa	UE-28	22	Huesca	22048	Barbastro	6	Hombre	114,0
2016	01	Europa	UE-28	22	Huesca	22048	Barbastro	6	Mujer	94,0
2016	01	Europa	UE-28	22	Huesca	22112	Fraga	6	Hombre	35,0
2016	01	Europa	UE-28	22	Huesca	22112	Fraga	6	Mujer	37,0
2016	01	Europa	UE-28	22	Huesca	22125	Huesca	7	Hombre	420,0
2016	01	Europa	UE-28	22	Huesca	22125	Huesca	7	Mujer	417,0
2016	01	Europa	UE-28	22	Huesca	22130	Jaca	6	Hombre	148,0
2016	01	Europa	UE-28	22	Huesca	22130	Jaca	6	Mujer	146,0
2016	01	Europa	UE-28	22	Huesca	22158	Monzón	6	Hombre	84,0
2016	01	Europa	UE-28	22	Huesca	22158	Monzón	6	Mujer	98,0
2016	01	Europa	UE-28	44	Teruel	44013	Alcañiz	6	Hombre	82,0
2016	01	Europa	UE-28	44	Teruel	44013	Alcañiz	6	Mujer	76,0
2016	01	Europa	UE-28	44	Teruel	44216	Teruel	7	Hombre	200,0
2016	01	Europa	UE-28	44	Teruel	44216	Teruel	7	Mujer	197,0
2016	01	Europa	UE-28	50	Zaragoza	50067	Calatayud	6	Hombre	43,0
2016	01	Europa	UE-28	50	Zaragoza	50067	Calatayud	6	Mujer	60,0
2016	01	Europa	UE-28	50	Zaragoza	50089	Cuarte de Huerva	6	Hombre	16,0
2016	01	Europa	UE-28	50	Zaragoza	50089	Cuarte de Huerva	6	Mujer	19,0
2016	01	Europa	UE-28	50	Zaragoza	50095	Ejea de los Caballeros	6	Hombre	46,0
2016	01	Europa	UE-28	50	Zaragoza	50095	Ejea de los Caballeros	6	Mujer	64,0
2016	01	Europa	UE-28	50	Zaragoza	50251	Tarazona	6	Hombre	35,0
2016	01	Europa	UE-28	50	Zaragoza	50251	Tarazona	6	Mujer	33,0
2016	01	Europa	UE-28	50	Zaragoza	50272	Utebo	6	Hombre	32,0
2016	01	Europa	UE-28	50	Zaragoza	50272	Utebo	6	Mujer	35,0
2016	01	Europa	UE-28	50	Zaragoza	50297	Zaragoza	7	Hombre	3660,0
2016	01	Europa	UE-28	50	Zaragoza	50297	Zaragoza	7	Mujer	4139,0
2016	02	Europa	Resto de Europa	22	Huesca	22048	Barbastro	6	Hombre	20,0
2016	02	Europa	Resto de Europa	22	Huesca	22048	Barbastro	6	Mujer	14,0
2016	02	Europa	Resto de Europa	22	Huesca	22112	Fraga	6	Hombre	12,0
2016	02	Europa	Resto de Europa	22	Huesca	22112	Fraga	6	Mujer	17,0
2016	02	Europa	Resto de Europa	22	Huesca	22125	Huesca	7	Hombre	24,0
2016	02	Europa	Resto de Europa	22	Huesca	22125	Huesca	7	Mujer	30,0
2016	02	Europa	Resto de Europa	22	Huesca	22130	Jaca	6	Hombre	18,0
2016	02	Europa	Resto de Europa	22	Huesca	22130	Jaca	6	Mujer	13,0
2016	02	Europa	Resto de Europa	22	Huesca	22158	Monzón	6	Hombre	17,0
2016	02	Europa	Resto de Europa	22	Huesca	22158	Monzón	6	Mujer	19,0
2016	02	Europa	Resto de Europa	44	Teruel	44013	Alcañiz	6	Hombre	8,0
2016	02	Europa	Resto de Europa	44	Teruel	44013	Alcañiz	6	Mujer	16,0
2016	02	Europa	Resto de Europa	44	Teruel	44216	Teruel	7	Hombre	21,0
2016	02	Europa	Resto de Europa	44	Teruel	44216	Teruel	7	Mujer	24,0
2016	02	Europa	Resto de Europa	50	Zaragoza	50067	Calatayud	6	Hombre	17,0
2016	02	Europa	Resto de Europa	50	Zaragoza	50067	Calatayud	6	Mujer	16,0
2016	02	Europa	Resto de Europa	50	Zaragoza	50089	Cuarte de Huerva	6	Hombre	4,0
2016	02	Europa	Resto de Europa	50	Zaragoza	50089	Cuarte de Huerva	6	Mujer	6,0
2016	02	Europa	Resto de Europa	50	Zaragoza	50095	Ejea de los Caballeros	6	Hombre	2,0
2016	02	Europa	Resto de Europa	50	Zaragoza	50095	Ejea de los Caballeros	6	Mujer	3,0
2016	02	Europa	Resto de Europa	50	Zaragoza	50251	Tarazona	6	Hombre	5,0
2016	02	Europa	Resto de Europa	50	Zaragoza	50251	Tarazona	6	Mujer	6,0
2016	02	Europa	Resto de Europa	50	Zaragoza	50272	Utebo	6	Hombre	3,0
2016	02	Europa	Resto de Europa	50	Zaragoza	50272	Utebo	6	Mujer	4,0
2016	02	Europa	Resto de Europa	50	Zaragoza	50297	Zaragoza	7	Hombre	494,0
2016	02	Europa	Resto de Europa	50	Zaragoza	50297	Zaragoza	7	Mujer	555,0
2016	03	África	Magreb	22	Huesca	22048	Barbastro	6	Mujer	1,0
2016	03	África	Magreb	22	Huesca	22125	Huesca	7	Hombre	5,0
2016	03	África	Magreb	22	Huesca	22125	Huesca	7	Mujer	3,0
2016	03	África	Magreb	22	Huesca	22130	Jaca	6	Hombre	1,0
2016	03	África	Magreb	22	Huesca	22130	Jaca	6	Mujer	1,0
2016	03	África	Magreb	22	Huesca	22158	Monzón	6	Hombre	7,0
2016	03	África	Magreb	22	Huesca	22158	Monzón	6	Mujer	1,0
2016	03	África	Magreb	44	Teruel	44216	Teruel	7	Hombre	6,0
2016	03	África	Magreb	44	Teruel	44216	Teruel	7	Mujer	6,0
2016	03	África	Magreb	50	Zaragoza	50067	Calatayud	6	Hombre	1,0
2016	03	África	Magreb	50	Zaragoza	50095	Ejea de los Caballeros	6	Hombre	2,0
2016	03	África	Magreb	50	Zaragoza	50251	Tarazona	6	Hombre	2,0
2016	03	África	Magreb	50	Zaragoza	50251	Tarazona	6	Mujer	1,0
2016	03	África	Magreb	50	Zaragoza	50272	Utebo	6	Hombre	1,0
2016	03	África	Magreb	50	Zaragoza	50297	Zaragoza	7	Hombre	51,0
2016	03	África	Magreb	50	Zaragoza	50297	Zaragoza	7	Mujer	56,0
2016	04	África	Resto de África	22	Huesca	22048	Barbastro	6	Hombre	6,0
2016	04	África	Resto de África	22	Huesca	22048	Barbastro	6	Mujer	6,0
2016	04	África	Resto de África	22	Huesca	22112	Fraga	6	Hombre	1,0
2016	04	África	Resto de África	22	Huesca	22125	Huesca	7	Hombre	24,0
2016	04	África	Resto de África	22	Huesca	22125	Huesca	7	Mujer	8,0
2016	04	África	Resto de África	22	Huesca	22130	Jaca	6	Hombre	2,0
2016	04	África	Resto de África	22	Huesca	22130	Jaca	6	Mujer	2,0
2016	04	África	Resto de África	22	Huesca	22158	Monzón	6	Hombre	16,0
2016	04	África	Resto de África	22	Huesca	22158	Monzón	6	Mujer	3,0
2016	04	África	Resto de África	44	Teruel	44013	Alcañiz	6	Hombre	3,0
2016	04	África	Resto de África	44	Teruel	44216	Teruel	7	Hombre	2,0
2016	04	África	Resto de África	44	Teruel	44216	Teruel	7	Mujer	4,0
2016	04	África	Resto de África	50	Zaragoza	50251	Tarazona	6	Hombre	1,0
2016	04	África	Resto de África	50	Zaragoza	50251	Tarazona	6	Mujer	1,0
2016	04	África	Resto de África	50	Zaragoza	50272	Utebo	6	Hombre	1,0
2016	04	África	Resto de África	50	Zaragoza	50297	Zaragoza	7	Hombre	119,0
2016	04	África	Resto de África	50	Zaragoza	50297	Zaragoza	7	Mujer	112,0
2016	05	América	América del Norte	22	Huesca	22048	Barbastro	6	Hombre	8,0
2016	05	América	América del Norte	22	Huesca	22048	Barbastro	6	Mujer	10,0
2016	05	América	América del Norte	22	Huesca	22112	Fraga	6	Hombre	2,0
2016	05	América	América del Norte	22	Huesca	22112	Fraga	6	Mujer	7,0
2016	05	América	América del Norte	22	Huesca	22125	Huesca	7	Hombre	49,0
2016	05	América	América del Norte	22	Huesca	22125	Huesca	7	Mujer	54,0
2016	05	América	América del Norte	22	Huesca	22130	Jaca	6	Hombre	21,0
2016	05	América	América del Norte	22	Huesca	22130	Jaca	6	Mujer	26,0
2016	05	América	América del Norte	22	Huesca	22158	Monzón	6	Hombre	5,0
2016	05	América	América del Norte	22	Huesca	22158	Monzón	6	Mujer	12,0
2016	05	América	América del Norte	44	Teruel	44013	Alcañiz	6	Hombre	8,0
2016	05	América	América del Norte	44	Teruel	44013	Alcañiz	6	Mujer	6,0
2016	05	América	América del Norte	44	Teruel	44216	Teruel	7	Hombre	33,0
2016	05	América	América del Norte	44	Teruel	44216	Teruel	7	Mujer	47,0
2016	05	América	América del Norte	50	Zaragoza	50067	Calatayud	6	Hombre	12,0
2016	05	América	América del Norte	50	Zaragoza	50067	Calatayud	6	Mujer	14,0
2016	05	América	América del Norte	50	Zaragoza	50089	Cuarte de Huerva	6	Hombre	1,0
2016	05	América	América del Norte	50	Zaragoza	50089	Cuarte de Huerva	6	Mujer	3,0
2016	05	América	América del Norte	50	Zaragoza	50095	Ejea de los Caballeros	6	Hombre	7,0
2016	05	América	América del Norte	50	Zaragoza	50095	Ejea de los Caballeros	6	Mujer	9,0
2016	05	América	América del Norte	50	Zaragoza	50251	Tarazona	6	Hombre	1,0
2016	05	América	América del Norte	50	Zaragoza	50251	Tarazona	6	Mujer	4,0
2016	05	América	América del Norte	50	Zaragoza	50272	Utebo	6	Hombre	3,0
2016	05	América	América del Norte	50	Zaragoza	50272	Utebo	6	Mujer	5,0
2016	05	América	América del Norte	50	Zaragoza	50297	Zaragoza	7	Hombre	803,0
2016	05	América	América del Norte	50	Zaragoza	50297	Zaragoza	7	Mujer	1007,0
2016	06	América	Resto de América	22	Huesca	22048	Barbastro	6	Hombre	82,0
2016	06	América	Resto de América	22	Huesca	22048	Barbastro	6	Mujer	77,0
2016	06	América	Resto de América	22	Huesca	22112	Fraga	6	Hombre	21,0
2016	06	América	Resto de América	22	Huesca	22112	Fraga	6	Mujer	30,0
2016	06	América	Resto de América	22	Huesca	22125	Huesca	7	Hombre	371,0
2016	06	América	Resto de América	22	Huesca	22125	Huesca	7	Mujer	392,0
2016	06	América	Resto de América	22	Huesca	22130	Jaca	6	Hombre	101,0
2016	06	América	Resto de América	22	Huesca	22130	Jaca	6	Mujer	112,0
2016	06	América	Resto de América	22	Huesca	22158	Monzón	6	Hombre	59,0
2016	06	América	Resto de América	22	Huesca	22158	Monzón	6	Mujer	55,0
2016	06	América	Resto de América	44	Teruel	44013	Alcañiz	6	Hombre	63,0
2016	06	América	Resto de América	44	Teruel	44013	Alcañiz	6	Mujer	77,0
2016	06	América	Resto de América	44	Teruel	44216	Teruel	7	Hombre	306,0
2016	06	América	Resto de América	44	Teruel	44216	Teruel	7	Mujer	287,0
2016	06	América	Resto de América	50	Zaragoza	50067	Calatayud	6	Hombre	69,0
2016	06	América	Resto de América	50	Zaragoza	50067	Calatayud	6	Mujer	70,0
2016	06	América	Resto de América	50	Zaragoza	50089	Cuarte de Huerva	6	Hombre	8,0
2016	06	América	Resto de América	50	Zaragoza	50089	Cuarte de Huerva	6	Mujer	11,0
2016	06	América	Resto de América	50	Zaragoza	50095	Ejea de los Caballeros	6	Hombre	71,0
2016	06	América	Resto de América	50	Zaragoza	50095	Ejea de los Caballeros	6	Mujer	85,0
2016	06	América	Resto de América	50	Zaragoza	50251	Tarazona	6	Hombre	69,0
2016	06	América	Resto de América	50	Zaragoza	50251	Tarazona	6	Mujer	61,0
2016	06	América	Resto de América	50	Zaragoza	50272	Utebo	6	Hombre	18,0
2016	06	América	Resto de América	50	Zaragoza	50272	Utebo	6	Mujer	13,0
2016	06	América	Resto de América	50	Zaragoza	50297	Zaragoza	7	Hombre	4015,0
2016	06	América	Resto de América	50	Zaragoza	50297	Zaragoza	7	Mujer	4069,0
2016	07	Asia	Asia	22	Huesca	22048	Barbastro	6	Hombre	4,0
2016	07	Asia	Asia	22	Huesca	22048	Barbastro	6	Mujer	2,0
2016	07	Asia	Asia	22	Huesca	22112	Fraga	6	Hombre	2,0
2016	07	Asia	Asia	22	Huesca	22125	Huesca	7	Hombre	15,0
2016	07	Asia	Asia	22	Huesca	22125	Huesca	7	Mujer	4,0
2016	07	Asia	Asia	22	Huesca	22130	Jaca	6	Hombre	5,0
2016	07	Asia	Asia	22	Huesca	22130	Jaca	6	Mujer	1,0
2016	07	Asia	Asia	22	Huesca	22158	Monzón	6	Hombre	1,0
2016	07	Asia	Asia	22	Huesca	22158	Monzón	6	Mujer	1,0
2016	07	Asia	Asia	44	Teruel	44013	Alcañiz	6	Hombre	4,0
2016	07	Asia	Asia	44	Teruel	44013	Alcañiz	6	Mujer	2,0
2016	07	Asia	Asia	44	Teruel	44216	Teruel	7	Hombre	4,0
2016	07	Asia	Asia	44	Teruel	44216	Teruel	7	Mujer	6,0
2016	07	Asia	Asia	50	Zaragoza	50067	Calatayud	6	Hombre	9,0
2016	07	Asia	Asia	50	Zaragoza	50067	Calatayud	6	Mujer	10,0
2016	07	Asia	Asia	50	Zaragoza	50089	Cuarte de Huerva	6	Hombre	6,0
2016	07	Asia	Asia	50	Zaragoza	50089	Cuarte de Huerva	6	Mujer	6,0
2016	07	Asia	Asia	50	Zaragoza	50095	Ejea de los Caballeros	6	Mujer	2,0
2016	07	Asia	Asia	50	Zaragoza	50251	Tarazona	6	Hombre	2,0
2016	07	Asia	Asia	50	Zaragoza	50251	Tarazona	6	Mujer	2,0
2016	07	Asia	Asia	50	Zaragoza	50272	Utebo	6	Hombre	2,0
2016	07	Asia	Asia	50	Zaragoza	50272	Utebo	6	Mujer	3,0
2016	07	Asia	Asia	50	Zaragoza	50297	Zaragoza	7	Hombre	291,0
2016	07	Asia	Asia	50	Zaragoza	50297	Zaragoza	7	Mujer	213,0
2016	08	Oceanía	Oceanía	22	Huesca	22048	Barbastro	6	Hombre	1,0
2016	08	Oceanía	Oceanía	22	Huesca	22048	Barbastro	6	Mujer	1,0
2016	08	Oceanía	Oceanía	22	Huesca	22112	Fraga	6	Hombre	4,0
2016	08	Oceanía	Oceanía	22	Huesca	22112	Fraga	6	Mujer	1,0
2016	08	Oceanía	Oceanía	22	Huesca	22125	Huesca	7	Hombre	5,0
2016	08	Oceanía	Oceanía	22	Huesca	22125	Huesca	7	Mujer	6,0
2016	08	Oceanía	Oceanía	22	Huesca	22130	Jaca	6	Hombre	2,0
2016	08	Oceanía	Oceanía	22	Huesca	22130	Jaca	6	Mujer	4,0
2016	08	Oceanía	Oceanía	44	Teruel	44013	Alcañiz	6	Hombre	1,0
2016	08	Oceanía	Oceanía	44	Teruel	44013	Alcañiz	6	Mujer	1,0
2016	08	Oceanía	Oceanía	44	Teruel	44216	Teruel	7	Hombre	9,0
2016	08	Oceanía	Oceanía	44	Teruel	44216	Teruel	7	Mujer	8,0
2016	08	Oceanía	Oceanía	50	Zaragoza	50067	Calatayud	6	Hombre	2,0
2016	08	Oceanía	Oceanía	50	Zaragoza	50067	Calatayud	6	Mujer	4,0
2016	08	Oceanía	Oceanía	50	Zaragoza	50089	Cuarte de Huerva	6	Hombre	1,0
2016	08	Oceanía	Oceanía	50	Zaragoza	50095	Ejea de los Caballeros	6	Hombre	1,0
2016	08	Oceanía	Oceanía	50	Zaragoza	50095	Ejea de los Caballeros	6	Mujer	1,0
2016	08	Oceanía	Oceanía	50	Zaragoza	50251	Tarazona	6	Mujer	1,0
2016	08	Oceanía	Oceanía	50	Zaragoza	50297	Zaragoza	7	Hombre	84,0
2016	08	Oceanía	Oceanía	50	Zaragoza	50297	Zaragoza	7	Mujer	105,0
2017	01	Europa	UE-28	22	Huesca	22048	Barbastro	6	Hombre	136,0
2017	01	Europa	UE-28	22	Huesca	22048	Barbastro	6	Mujer	111,0
2017	01	Europa	UE-28	22	Huesca	22112	Fraga	6	Hombre	38,0
2017	01	Europa	UE-28	22	Huesca	22112	Fraga	6	Mujer	40,0
2017	01	Europa	UE-28	22	Huesca	22125	Huesca	7	Hombre	475,0
2017	01	Europa	UE-28	22	Huesca	22125	Huesca	7	Mujer	474,0
2017	01	Europa	UE-28	22	Huesca	22130	Jaca	6	Hombre	149,0
2017	01	Europa	UE-28	22	Huesca	22130	Jaca	6	Mujer	147,0
2017	01	Europa	UE-28	22	Huesca	22158	Monzón	6	Hombre	98,0
2017	01	Europa	UE-28	22	Huesca	22158	Monzón	6	Mujer	107,0
2017	01	Europa	UE-28	44	Teruel	44013	Alcañiz	6	Hombre	96,0
2017	01	Europa	UE-28	44	Teruel	44013	Alcañiz	6	Mujer	81,0
2017	01	Europa	UE-28	44	Teruel	44216	Teruel	7	Hombre	212,0
2017	01	Europa	UE-28	44	Teruel	44216	Teruel	7	Mujer	216,0
2017	01	Europa	UE-28	50	Zaragoza	50067	Calatayud	6	Hombre	44,0
2017	01	Europa	UE-28	50	Zaragoza	50067	Calatayud	6	Mujer	64,0
2017	01	Europa	UE-28	50	Zaragoza	50089	Cuarte de Huerva	6	Hombre	17,0
2017	01	Europa	UE-28	50	Zaragoza	50089	Cuarte de Huerva	6	Mujer	18,0
2017	01	Europa	UE-28	50	Zaragoza	50095	Ejea de los Caballeros	6	Hombre	49,0
2017	01	Europa	UE-28	50	Zaragoza	50095	Ejea de los Caballeros	6	Mujer	68,0
2017	01	Europa	UE-28	50	Zaragoza	50251	Tarazona	6	Hombre	40,0
2017	01	Europa	UE-28	50	Zaragoza	50251	Tarazona	6	Mujer	40,0
2017	01	Europa	UE-28	50	Zaragoza	50272	Utebo	6	Hombre	39,0
2017	01	Europa	UE-28	50	Zaragoza	50272	Utebo	6	Mujer	42,0
2017	01	Europa	UE-28	50	Zaragoza	50297	Zaragoza	7	Hombre	4072,0
2017	01	Europa	UE-28	50	Zaragoza	50297	Zaragoza	7	Mujer	4444,0
2017	02	Europa	Resto de Europa	22	Huesca	22048	Barbastro	6	Hombre	21,0
2017	02	Europa	Resto de Europa	22	Huesca	22048	Barbastro	6	Mujer	15,0
2017	02	Europa	Resto de Europa	22	Huesca	22112	Fraga	6	Hombre	16,0
2017	02	Europa	Resto de Europa	22	Huesca	22112	Fraga	6	Mujer	20,0
2017	02	Europa	Resto de Europa	22	Huesca	22125	Huesca	7	Hombre	27,0
2017	02	Europa	Resto de Europa	22	Huesca	22125	Huesca	7	Mujer	34,0
2017	02	Europa	Resto de Europa	22	Huesca	22130	Jaca	6	Hombre	14,0
2017	02	Europa	Resto de Europa	22	Huesca	22130	Jaca	6	Mujer	12,0
2017	02	Europa	Resto de Europa	22	Huesca	22158	Monzón	6	Hombre	18,0
2017	02	Europa	Resto de Europa	22	Huesca	22158	Monzón	6	Mujer	18,0
2017	02	Europa	Resto de Europa	44	Teruel	44013	Alcañiz	6	Hombre	9,0
2017	02	Europa	Resto de Europa	44	Teruel	44013	Alcañiz	6	Mujer	15,0
2017	02	Europa	Resto de Europa	44	Teruel	44216	Teruel	7	Hombre	22,0
2017	02	Europa	Resto de Europa	44	Teruel	44216	Teruel	7	Mujer	25,0
2017	02	Europa	Resto de Europa	50	Zaragoza	50067	Calatayud	6	Hombre	19,0
2017	02	Europa	Resto de Europa	50	Zaragoza	50067	Calatayud	6	Mujer	18,0
2017	02	Europa	Resto de Europa	50	Zaragoza	50089	Cuarte de Huerva	6	Hombre	3,0
2017	02	Europa	Resto de Europa	50	Zaragoza	50089	Cuarte de Huerva	6	Mujer	6,0
2017	02	Europa	Resto de Europa	50	Zaragoza	50095	Ejea de los Caballeros	6	Hombre	2,0
2017	02	Europa	Resto de Europa	50	Zaragoza	50095	Ejea de los Caballeros	6	Mujer	3,0
2017	02	Europa	Resto de Europa	50	Zaragoza	50251	Tarazona	6	Hombre	6,0
2017	02	Europa	Resto de Europa	50	Zaragoza	50251	Tarazona	6	Mujer	6,0
2017	02	Europa	Resto de Europa	50	Zaragoza	50272	Utebo	6	Hombre	3,0
2017	02	Europa	Resto de Europa	50	Zaragoza	50272	Utebo	6	Mujer	4,0
2017	02	Europa	Resto de Europa	50	Zaragoza	50297	Zaragoza	7	Hombre	517,0
2017	02	Europa	Resto de Europa	50	Zaragoza	50297	Zaragoza	7	Mujer	598,0
2017	03	África	Magreb	22	Huesca	22048	Barbastro	6	Hombre	1,0
2017	03	África	Magreb	22	Huesca	22048	Barbastro	6	Mujer	1,0
2017	03	África	Magreb	22	Huesca	22112	Fraga	6	Hombre	1,0
2017	03	África	Magreb	22	Huesca	22125	Huesca	7	Hombre	4,0
2017	03	África	Magreb	22	Huesca	22125	Huesca	7	Mujer	1,0
2017	03	África	Magreb	22	Huesca	22130	Jaca	6	Hombre	1,0
2017	03	África	Magreb	22	Huesca	22130	Jaca	6	Mujer	1,0
2017	03	África	Magreb	22	Huesca	22158	Monzón	6	Hombre	6,0
2017	03	África	Magreb	22	Huesca	22158	Monzón	6	Mujer	2,0
2017	03	África	Magreb	44	Teruel	44013	Alcañiz	6	Hombre	3,0
2017	03	África	Magreb	44	Teruel	44013	Alcañiz	6	Mujer	2,0
2017	03	África	Magreb	44	Teruel	44216	Teruel	7	Hombre	4,0
2017	03	África	Magreb	44	Teruel	44216	Teruel	7	Mujer	6,0
2017	03	África	Magreb	50	Zaragoza	50067	Calatayud	6	Hombre	2,0
2017	03	África	Magreb	50	Zaragoza	50095	Ejea de los Caballeros	6	Hombre	1,0
2017	03	África	Magreb	50	Zaragoza	50251	Tarazona	6	Hombre	2,0
2017	03	África	Magreb	50	Zaragoza	50251	Tarazona	6	Mujer	1,0
2017	03	África	Magreb	50	Zaragoza	50272	Utebo	6	Hombre	1,0
2017	03	África	Magreb	50	Zaragoza	50297	Zaragoza	7	Hombre	59,0
2017	03	África	Magreb	50	Zaragoza	50297	Zaragoza	7	Mujer	60,0
2017	04	África	Resto de África	22	Huesca	22048	Barbastro	6	Hombre	11,0
2017	04	África	Resto de África	22	Huesca	22048	Barbastro	6	Mujer	6,0
2017	04	África	Resto de África	22	Huesca	22112	Fraga	6	Hombre	5,0
2017	04	África	Resto de África	22	Huesca	22125	Huesca	7	Hombre	28,0
2017	04	África	Resto de África	22	Huesca	22125	Huesca	7	Mujer	8,0
2017	04	África	Resto de África	22	Huesca	22130	Jaca	6	Hombre	1,0
2017	04	África	Resto de África	22	Huesca	22130	Jaca	6	Mujer	2,0
2017	04	África	Resto de África	22	Huesca	22158	Monzón	6	Hombre	17,0
2017	04	África	Resto de África	22	Huesca	22158	Monzón	6	Mujer	4,0
2017	04	África	Resto de África	44	Teruel	44013	Alcañiz	6	Hombre	3,0
2017	04	África	Resto de África	44	Teruel	44216	Teruel	7	Mujer	3,0
2017	04	África	Resto de África	50	Zaragoza	50251	Tarazona	6	Hombre	1,0
2017	04	África	Resto de África	50	Zaragoza	50251	Tarazona	6	Mujer	2,0
2017	04	África	Resto de África	50	Zaragoza	50272	Utebo	6	Hombre	4,0
2017	04	África	Resto de África	50	Zaragoza	50297	Zaragoza	7	Hombre	151,0
2017	04	África	Resto de África	50	Zaragoza	50297	Zaragoza	7	Mujer	113,0
2017	05	América	América del Norte	22	Huesca	22048	Barbastro	6	Hombre	9,0
2017	05	América	América del Norte	22	Huesca	22048	Barbastro	6	Mujer	11,0
2017	05	América	América del Norte	22	Huesca	22112	Fraga	6	Hombre	3,0
2017	05	América	América del Norte	22	Huesca	22112	Fraga	6	Mujer	7,0
2017	05	América	América del Norte	22	Huesca	22125	Huesca	7	Hombre	51,0
2017	05	América	América del Norte	22	Huesca	22125	Huesca	7	Mujer	64,0
2017	05	América	América del Norte	22	Huesca	22130	Jaca	6	Hombre	19,0
2017	05	América	América del Norte	22	Huesca	22130	Jaca	6	Mujer	24,0
2017	05	América	América del Norte	22	Huesca	22158	Monzón	6	Hombre	6,0
2017	05	América	América del Norte	22	Huesca	22158	Monzón	6	Mujer	10,0
2017	05	América	América del Norte	44	Teruel	44013	Alcañiz	6	Hombre	7,0
2017	05	América	América del Norte	44	Teruel	44013	Alcañiz	6	Mujer	7,0
2017	05	América	América del Norte	44	Teruel	44216	Teruel	7	Hombre	45,0
2017	05	América	América del Norte	44	Teruel	44216	Teruel	7	Mujer	57,0
2017	05	América	América del Norte	50	Zaragoza	50067	Calatayud	6	Hombre	11,0
2017	05	América	América del Norte	50	Zaragoza	50067	Calatayud	6	Mujer	14,0
2017	05	América	América del Norte	50	Zaragoza	50089	Cuarte de Huerva	6	Hombre	1,0
2017	05	América	América del Norte	50	Zaragoza	50089	Cuarte de Huerva	6	Mujer	3,0
2017	05	América	América del Norte	50	Zaragoza	50095	Ejea de los Caballeros	6	Hombre	8,0
2017	05	América	América del Norte	50	Zaragoza	50095	Ejea de los Caballeros	6	Mujer	9,0
2017	05	América	América del Norte	50	Zaragoza	50251	Tarazona	6	Hombre	2,0
2017	05	América	América del Norte	50	Zaragoza	50251	Tarazona	6	Mujer	4,0
2017	05	América	América del Norte	50	Zaragoza	50272	Utebo	6	Hombre	3,0
2017	05	América	América del Norte	50	Zaragoza	50272	Utebo	6	Mujer	5,0
2017	05	América	América del Norte	50	Zaragoza	50297	Zaragoza	7	Hombre	876,0
2017	05	América	América del Norte	50	Zaragoza	50297	Zaragoza	7	Mujer	1090,0
2017	06	América	Resto de América	22	Huesca	22048	Barbastro	6	Hombre	87,0
2017	06	América	Resto de América	22	Huesca	22048	Barbastro	6	Mujer	78,0
2017	06	América	Resto de América	22	Huesca	22112	Fraga	6	Hombre	25,0
2017	06	América	Resto de América	22	Huesca	22112	Fraga	6	Mujer	31,0
2017	06	América	Resto de América	22	Huesca	22125	Huesca	7	Hombre	380,0
2017	06	América	Resto de América	22	Huesca	22125	Huesca	7	Mujer	408,0
2017	06	América	Resto de América	22	Huesca	22130	Jaca	6	Hombre	111,0
2017	06	América	Resto de América	22	Huesca	22130	Jaca	6	Mujer	111,0
2017	06	América	Resto de América	22	Huesca	22158	Monzón	6	Hombre	64,0
2017	06	América	Resto de América	22	Huesca	22158	Monzón	6	Mujer	58,0
2017	06	América	Resto de América	44	Teruel	44013	Alcañiz	6	Hombre	65,0
2017	06	América	Resto de América	44	Teruel	44013	Alcañiz	6	Mujer	78,0
2017	06	América	Resto de América	44	Teruel	44216	Teruel	7	Hombre	318,0
2017	06	América	Resto de América	44	Teruel	44216	Teruel	7	Mujer	303,0
2017	06	América	Resto de América	50	Zaragoza	50067	Calatayud	6	Hombre	68,0
2017	06	América	Resto de América	50	Zaragoza	50067	Calatayud	6	Mujer	70,0
2017	06	América	Resto de América	50	Zaragoza	50089	Cuarte de Huerva	6	Hombre	10,0
2017	06	América	Resto de América	50	Zaragoza	50089	Cuarte de Huerva	6	Mujer	12,0
2017	06	América	Resto de América	50	Zaragoza	50095	Ejea de los Caballeros	6	Hombre	73,0
2017	06	América	Resto de América	50	Zaragoza	50095	Ejea de los Caballeros	6	Mujer	89,0
2017	06	América	Resto de América	50	Zaragoza	50251	Tarazona	6	Hombre	66,0
2017	06	América	Resto de América	50	Zaragoza	50251	Tarazona	6	Mujer	60,0
2017	06	América	Resto de América	50	Zaragoza	50272	Utebo	6	Hombre	17,0
2017	06	América	Resto de América	50	Zaragoza	50272	Utebo	6	Mujer	18,0
2017	06	América	Resto de América	50	Zaragoza	50297	Zaragoza	7	Hombre	4171,0
2017	06	América	Resto de América	50	Zaragoza	50297	Zaragoza	7	Mujer	4233,0
2017	07	Asia	Asia	22	Huesca	22048	Barbastro	6	Hombre	6,0
2017	07	Asia	Asia	22	Huesca	22048	Barbastro	6	Mujer	2,0
2017	07	Asia	Asia	22	Huesca	22112	Fraga	6	Hombre	1,0
2017	07	Asia	Asia	22	Huesca	22125	Huesca	7	Hombre	12,0
2017	07	Asia	Asia	22	Huesca	22125	Huesca	7	Mujer	6,0
2017	07	Asia	Asia	22	Huesca	22130	Jaca	6	Hombre	5,0
2017	07	Asia	Asia	22	Huesca	22158	Monzón	6	Hombre	1,0
2017	07	Asia	Asia	22	Huesca	22158	Monzón	6	Mujer	1,0
2017	07	Asia	Asia	44	Teruel	44013	Alcañiz	6	Hombre	5,0
2017	07	Asia	Asia	44	Teruel	44013	Alcañiz	6	Mujer	4,0
2017	07	Asia	Asia	44	Teruel	44216	Teruel	7	Hombre	6,0
2017	07	Asia	Asia	44	Teruel	44216	Teruel	7	Mujer	9,0
2017	07	Asia	Asia	50	Zaragoza	50067	Calatayud	6	Hombre	10,0
2017	07	Asia	Asia	50	Zaragoza	50067	Calatayud	6	Mujer	11,0
2017	07	Asia	Asia	50	Zaragoza	50089	Cuarte de Huerva	6	Hombre	10,0
2017	07	Asia	Asia	50	Zaragoza	50089	Cuarte de Huerva	6	Mujer	8,0
2017	07	Asia	Asia	50	Zaragoza	50095	Ejea de los Caballeros	6	Hombre	1,0
2017	07	Asia	Asia	50	Zaragoza	50095	Ejea de los Caballeros	6	Mujer	3,0
2017	07	Asia	Asia	50	Zaragoza	50251	Tarazona	6	Hombre	2,0
2017	07	Asia	Asia	50	Zaragoza	50251	Tarazona	6	Mujer	2,0
2017	07	Asia	Asia	50	Zaragoza	50272	Utebo	6	Hombre	1,0
2017	07	Asia	Asia	50	Zaragoza	50272	Utebo	6	Mujer	1,0
2017	07	Asia	Asia	50	Zaragoza	50297	Zaragoza	7	Hombre	307,0
2017	07	Asia	Asia	50	Zaragoza	50297	Zaragoza	7	Mujer	240,0
2017	08	Oceanía	Oceanía	22	Huesca	22048	Barbastro	6	Hombre	1,0
2017	08	Oceanía	Oceanía	22	Huesca	22048	Barbastro	6	Mujer	2,0
2017	08	Oceanía	Oceanía	22	Huesca	22112	Fraga	6	Hombre	4,0
2017	08	Oceanía	Oceanía	22	Huesca	22112	Fraga	6	Mujer	2,0
2017	08	Oceanía	Oceanía	22	Huesca	22125	Huesca	7	Hombre	5,0
2017	08	Oceanía	Oceanía	22	Huesca	22125	Huesca	7	Mujer	6,0
2017	08	Oceanía	Oceanía	22	Huesca	22130	Jaca	6	Hombre	2,0
2017	08	Oceanía	Oceanía	22	Huesca	22130	Jaca	6	Mujer	4,0
2017	08	Oceanía	Oceanía	44	Teruel	44013	Alcañiz	6	Hombre	1,0
2017	08	Oceanía	Oceanía	44	Teruel	44013	Alcañiz	6	Mujer	1,0
2017	08	Oceanía	Oceanía	44	Teruel	44216	Teruel	7	Hombre	11,0
2017	08	Oceanía	Oceanía	44	Teruel	44216	Teruel	7	Mujer	11,0
2017	08	Oceanía	Oceanía	50	Zaragoza	50067	Calatayud	6	Hombre	2,0
2017	08	Oceanía	Oceanía	50	Zaragoza	50067	Calatayud	6	Mujer	4,0
2017	08	Oceanía	Oceanía	50	Zaragoza	50089	Cuarte de Huerva	6	Hombre	1,0
2017	08	Oceanía	Oceanía	50	Zaragoza	50089	Cuarte de Huerva	6	Mujer	1,0
2017	08	Oceanía	Oceanía	50	Zaragoza	50095	Ejea de los Caballeros	6	Hombre	1,0
2017	08	Oceanía	Oceanía	50	Zaragoza	50095	Ejea de los Caballeros	6	Mujer	1,0
2017	08	Oceanía	Oceanía	50	Zaragoza	50251	Tarazona	6	Mujer	1,0
2017	08	Oceanía	Oceanía	50	Zaragoza	50272	Utebo	6	Mujer	2,0
2017	08	Oceanía	Oceanía	50	Zaragoza	50297	Zaragoza	7	Hombre	86,0
2017	08	Oceanía	Oceanía	50	Zaragoza	50297	Zaragoza	7	Mujer	103,0