Año	Comarca código	Comarca nombre	Saldo Vegetativo	Nacidos vivos residentes	Matrimonios residentes	Defunciones residentes
2015	01	La Jacetania	-217,0		52	217,0
2015	02	Alto Gállego	-132,0		46	132,0
2015	03	Sobrarbe	-92,0		21	92,0
2015	04	La Ribagorza	-176,0		14	176,0
2015	05	Cinco Villas	-392,0		70	392,0
2015	06	Hoya de Huesca / Plana de Uesca	-800,0		215	800,0
2015	07	Somontano de Barbastro	-305,0		55	305,0
2015	08	Cinca Medio	-263,0		83	263,0
2015	09	La Litera / La Llitera	-258,0		37	258,0
2015	10	Los Monegros	-300,0		39	300,0
2015	11	Bajo Cinca / Baix Cinca	-281,0		62	281,0
2015	12	Tarazona y el Moncayo	-174,0		50	174,0
2015	13	Campo de Borja	-174,0		38	174,0
2015	14	Aranda	-94,0		13	94,0
2015	15	Ribera Alta del Ebro	-366,0		91	366,0
2015	16	Valdejalón	-313,0		79	313,0
2015	17	D.C. Zaragoza	-6976,0		2773	6976,0
2015	18	Ribera Baja del Ebro	-118,0		21	118,0
2015	19	Bajo Aragón-Caspe / Baix Aragó-Casp	-186,0		38	186,0
2015	20	Comunidad de Calatayud	-598,0		88	598,0
2015	21	Campo de Cariñena	-150,0		19	150,0
2015	22	Campo de Belchite	-84,0		6	84,0
2015	23	Bajo Martín	-94,0		2	94,0
2015	24	Campo de Daroca	-110,0		11	110,0
2015	25	Jiloca	-227,0		18	227,0
2015	26	Cuencas Mineras	-126,0		19	126,0
2015	27	Andorra-Sierra de Arcos	-123,0		25	123,0
2015	28	Bajo Aragón	-313,0		97	313,0
2015	29	Comunidad de Teruel	-546,0		153	546,0
2015	30	Maestrazgo	-55,0		6	55,0
2015	31	Sierra de Albarracín	-77,0		8	77,0
2015	32	Gúdar-Javalambre	-108,0		24	108,0
2015	33	Matarraña / Matarranya	-111,0		27	111,0
2014	01	La Jacetania	-169,0		62	169,0
2014	02	Alto Gállego	-144,0		37	144,0
2014	03	Sobrarbe	-88,0		23	88,0
2014	04	La Ribagorza	-148,0		18	148,0
2014	05	Cinco Villas	-397,0		72	397,0
2014	06	Hoya de Huesca / Plana de Uesca	-723,0		254	723,0
2014	07	Somontano de Barbastro	-307,0		49	307,0
2014	08	Cinca Medio	-284,0		90	284,0
2014	09	La Litera / La Llitera	-210,0		51	210,0
2014	10	Los Monegros	-262,0		43	262,0
2014	11	Bajo Cinca / Baix Cinca	-265,0		66	265,0
2014	12	Tarazona y el Moncayo	-179,0		36	179,0
2014	13	Campo de Borja	-204,0		32	204,0
2014	14	Aranda	-79,0		11	79,0
2014	15	Ribera Alta del Ebro	-301,0		87	301,0
2014	16	Valdejalón	-299,0		63	299,0
2014	17	D.C. Zaragoza	-6856,0		2613	6856,0
2014	18	Ribera Baja del Ebro	-123,0		18	123,0
2014	19	Bajo Aragón-Caspe / Baix Aragó-Casp	-162,0		44	162,0
2014	20	Comunidad de Calatayud	-518,0		81	518,0
2014	21	Campo de Cariñena	-151,0		20	151,0
2014	22	Campo de Belchite	-96,0		9	96,0
2014	23	Bajo Martín	-99,0		16	99,0
2014	24	Campo de Daroca	-104,0		10	104,0
2014	25	Jiloca	-213,0		29	213,0
2014	26	Cuencas Mineras	-105,0		25	105,0
2014	27	Andorra-Sierra de Arcos	-117,0		28	117,0
2014	28	Bajo Aragón	-340,0		87	340,0
2014	29	Comunidad de Teruel	-492,0		200	492,0
2014	30	Maestrazgo	-50,0		6	50,0
2014	31	Sierra de Albarracín	-64,0		6	64,0
2014	32	Gúdar-Javalambre	-77,0		18	77,0
2014	33	Matarraña / Matarranya	-116,0		17	116,0
2013	01	La Jacetania	-206,0		70	206,0
2013	02	Alto Gállego	-125,0		31	125,0
2013	03	Sobrarbe	-77,0		23	77,0
2013	04	La Ribagorza	-144,0		22	144,0
2013	05	Cinco Villas	-370,0		63	370,0
2013	06	Hoya de Huesca / Plana de Uesca	-680,0		216	680,0
2013	07	Somontano de Barbastro	-280,0		75	280,0
2013	08	Cinca Medio	-258,0		84	258,0
2013	09	La Litera / La Llitera	-223,0		46	223,0
2013	10	Los Monegros	-269,0		30	269,0
2013	11	Bajo Cinca / Baix Cinca	-274,0		64	274,0
2013	12	Tarazona y el Moncayo	-187,0		35	187,0
2013	13	Campo de Borja	-197,0		39	197,0
2013	14	Aranda	-91,0		15	91,0
2013	15	Ribera Alta del Ebro	-327,0		98	327,0
2013	16	Valdejalón	-291,0		93	291,0
2013	17	D.C. Zaragoza	-6575,0		2772	6575,0
2013	18	Ribera Baja del Ebro	-109,0		9	109,0
2013	19	Bajo Aragón-Caspe / Baix Aragó-Casp	-170,0		36	170,0
2013	20	Comunidad de Calatayud	-492,0		105	492,0
2013	21	Campo de Cariñena	-150,0		23	150,0
2013	22	Campo de Belchite	-87,0		7	87,0
2013	23	Bajo Martín	-106,0		19	106,0
2013	24	Campo de Daroca	-89,0		10	89,0
2013	25	Jiloca	-192,0		22	192,0
2013	26	Cuencas Mineras	-101,0		22	101,0
2013	27	Andorra-Sierra de Arcos	-118,0		28	118,0
2013	28	Bajo Aragón	-319,0		95	319,0
2013	29	Comunidad de Teruel	-497,0		159	497,0
2013	30	Maestrazgo	-52,0		8	52,0
2013	31	Sierra de Albarracín	-57,0		10	57,0
2013	32	Gúdar-Javalambre	-100,0		25	100,0
2013	33	Matarraña / Matarranya	-140,0		22	140,0
2012	01	La Jacetania	-202,0		58	202,0
2012	02	Alto Gállego	-145,0		46	145,0
2012	03	Sobrarbe	-68,0		18	68,0
2012	04	La Ribagorza	-182,0		32	182,0
2012	05	Cinco Villas	-431,0		91	431,0
2012	06	Hoya de Huesca / Plana de Uesca	-742,0		327	742,0
2012	07	Somontano de Barbastro	-313,0		54	313,0
2012	08	Cinca Medio	-251,0		96	251,0
2012	09	La Litera / La Llitera	-240,0		57	240,0
2012	10	Los Monegros	-281,0		49	281,0
2012	11	Bajo Cinca / Baix Cinca	-234,0		60	234,0
2012	12	Tarazona y el Moncayo	-199,0		50	199,0
2012	13	Campo de Borja	-205,0		44	205,0
2012	14	Aranda	-78,0		15	78,0
2012	15	Ribera Alta del Ebro	-311,0		101	311,0
2012	16	Valdejalón	-289,0		82	289,0
2012	17	D.C. Zaragoza	-6646,0		2922	6646,0
2012	18	Ribera Baja del Ebro	-117,0		19	117,0
2012	19	Bajo Aragón-Caspe / Baix Aragó-Casp	-144,0		40	144,0
2012	20	Comunidad de Calatayud	-591,0		91	591,0
2012	21	Campo de Cariñena	-154,0		24	154,0
2012	22	Campo de Belchite	-80,0		10	80,0
2012	23	Bajo Martín	-121,0		19	121,0
2012	24	Campo de Daroca	-108,0		7	108,0
2012	25	Jiloca	-200,0		32	200,0
2012	26	Cuencas Mineras	-98,0		18	98,0
2012	27	Andorra-Sierra de Arcos	-118,0		31	118,0
2012	28	Bajo Aragón	-342,0		75	342,0
2012	29	Comunidad de Teruel	-495,0		180	495,0
2012	30	Maestrazgo	-53,0		9	53,0
2012	31	Sierra de Albarracín	-65,0		13	65,0
2012	32	Gúdar-Javalambre	-85,0		24	85,0
2012	33	Matarraña / Matarranya	-136,0		22	136,0
2011	01	La Jacetania	-178,0		62	178,0
2011	02	Alto Gállego	-157,0		45	157,0
2011	03	Sobrarbe	-76,0		33	76,0
2011	04	La Ribagorza	-131,0		17	131,0
2011	05	Cinco Villas	-417,0		89	417,0
2011	06	Hoya de Huesca / Plana de Uesca	-752,0		261	752,0
2011	07	Somontano de Barbastro	-272,0		27	272,0
2011	08	Cinca Medio	-270,0		83	270,0
2011	09	La Litera / La Llitera	-215,0		36	215,0
2011	10	Los Monegros	-284,0		32	284,0
2011	11	Bajo Cinca / Baix Cinca	-254,0		54	254,0
2011	12	Tarazona y el Moncayo	-160,0		43	160,0
2011	13	Campo de Borja	-182,0		38	182,0
2011	14	Aranda	-88,0		4	88,0
2011	15	Ribera Alta del Ebro	-332,0		85	332,0
2011	16	Valdejalón	-311,0		92	311,0
2011	17	D.C. Zaragoza	-6538,0		2730	6538,0
2011	18	Ribera Baja del Ebro	-96,0		16	96,0
2011	19	Bajo Aragón-Caspe / Baix Aragó-Casp	-216,0		39	216,0
2011	20	Comunidad de Calatayud	-560,0		100	560,0
2011	21	Campo de Cariñena	-147,0		20	147,0
2011	22	Campo de Belchite	-100,0		5	100,0
2011	23	Bajo Martín	-112,0		20	112,0
2011	24	Campo de Daroca	-101,0		7	101,0
2011	25	Jiloca	-168,0		19	168,0
2011	26	Cuencas Mineras	-111,0		15	111,0
2011	27	Andorra-Sierra de Arcos	-127,0		29	127,0
2011	28	Bajo Aragón	-357,0		100	357,0
2011	29	Comunidad de Teruel	-500,0		166	500,0
2011	30	Maestrazgo	-50,0		7	50,0
2011	31	Sierra de Albarracín	-66,0		4	66,0
2011	32	Gúdar-Javalambre	-78,0		21	78,0
2011	33	Matarraña / Matarranya	-147,0		16	147,0
2010	01	La Jacetania	141,0	141	76	
2010	02	Alto Gállego	103,0	103	42	
2010	03	Sobrarbe	59,0	59	30	
2010	04	La Ribagorza	72,0	72	28	
2010	05	Cinco Villas	246,0	246	83	
2010	06	Hoya de Huesca / Plana de Uesca	699,0	699	252	
2010	07	Somontano de Barbastro	229,0	229	31	
2010	08	Cinca Medio	235,0	235	78	
2010	09	La Litera / La Llitera	179,0	179	60	
2010	10	Los Monegros	115,0	115	30	
2010	11	Bajo Cinca / Baix Cinca	197,0	197	66	
2010	12	Tarazona y el Moncayo	131,0	131	50	
2010	13	Campo de Borja	131,0	131	38	
2010	14	Aranda	39,0	39	18	
2010	15	Ribera Alta del Ebro	300,0	300	114	
2010	16	Valdejalón	344,0	344	97	
2010	17	D.C. Zaragoza	7932,0	7932	2794	
2010	18	Ribera Baja del Ebro	53,0	53	18	
2010	19	Bajo Aragón-Caspe / Baix Aragó-Casp	122,0	122	37	
2010	20	Comunidad de Calatayud	293,0	293	94	
2010	21	Campo de Cariñena	89,0	89	17	
2010	22	Campo de Belchite	19,0	19	8	
2010	23	Bajo Martín	39,0	39	17	
2010	24	Campo de Daroca	30,0	30	15	
2010	25	Jiloca	94,0	94	24	
2010	26	Cuencas Mineras	64,0	64	22	
2010	27	Andorra-Sierra de Arcos	80,0	80	32	
2010	28	Bajo Aragón	315,0	315	86	
2010	29	Comunidad de Teruel	414,0	414	176	
2010	30	Maestrazgo	24,0	24	8	
2010	31	Sierra de Albarracín	30,0	30	7	
2010	32	Gúdar-Javalambre	62,0	62	20	
2010	33	Matarraña / Matarranya	60,0	60	25	
2009	01	La Jacetania	-184,0		75	184,0
2009	02	Alto Gállego	-134,0		47	134,0
2009	03	Sobrarbe	-73,0		19	73,0
2009	04	La Ribagorza	-161,0		34	161,0
2009	05	Cinco Villas	-412,0		82	412,0
2009	06	Hoya de Huesca / Plana de Uesca	-727,0		282	727,0
2009	07	Somontano de Barbastro	-279,0		33	279,0
2009	08	Cinca Medio	-253,0		75	253,0
2009	09	La Litera / La Llitera	-244,0		47	244,0
2009	10	Los Monegros	-255,0		40	255,0
2009	11	Bajo Cinca / Baix Cinca	-252,0		68	252,0
2009	12	Tarazona y el Moncayo	-202,0		51	202,0
2009	13	Campo de Borja	-184,0		46	184,0
2009	14	Aranda	-80,0		10	80,0
2009	15	Ribera Alta del Ebro	-346,0		109	346,0
2009	16	Valdejalón	-292,0		115	292,0
2009	17	D.C. Zaragoza	-6288,0		2994	6288,0
2009	18	Ribera Baja del Ebro	-109,0		21	109,0
2009	19	Bajo Aragón-Caspe / Baix Aragó-Casp	-165,0		42	165,0
2009	20	Comunidad de Calatayud	-583,0		90	583,0
2009	21	Campo de Cariñena	-146,0		35	146,0
2009	22	Campo de Belchite	-82,0		8	82,0
2009	23	Bajo Martín	-106,0		16	106,0
2009	24	Campo de Daroca	-102,0		12	102,0
2009	25	Jiloca	-203,0		29	203,0
2009	26	Cuencas Mineras	-98,0		21	98,0
2009	27	Andorra-Sierra de Arcos	-99,0		28	99,0
2009	28	Bajo Aragón	-345,0		90	345,0
2009	29	Comunidad de Teruel	-504,0		188	504,0
2009	30	Maestrazgo	-52,0		9	52,0
2009	31	Sierra de Albarracín	-69,0		5	69,0
2009	32	Gúdar-Javalambre	-109,0		24	109,0
2009	33	Matarraña / Matarranya	-130,0		23	130,0
2008	01	La Jacetania	-174,0		52	174,0
2008	02	Alto Gállego	-129,0		41	129,0
2008	03	Sobrarbe	-87,0		33	87,0
2008	04	La Ribagorza	-168,0		28	168,0
2008	05	Cinco Villas	-388,0		98	388,0
2008	06	Hoya de Huesca / Plana de Uesca	-739,0		293	739,0
2008	07	Somontano de Barbastro	-248,0		29	248,0
2008	08	Cinca Medio	-264,0		93	264,0
2008	09	La Litera / La Llitera	-251,0		68	251,0
2008	10	Los Monegros	-282,0		46	282,0
2008	11	Bajo Cinca / Baix Cinca	-248,0		74	248,0
2008	12	Tarazona y el Moncayo	-221,0		64	221,0
2008	13	Campo de Borja	-193,0		58	193,0
2008	14	Aranda	-84,0		16	84,0
2008	15	Ribera Alta del Ebro	-371,0		124	371,0
2008	16	Valdejalón	-278,0		117	278,0
2008	17	D.C. Zaragoza	-6481,0		3147	6481,0
2008	18	Ribera Baja del Ebro	-92,0		20	92,0
2008	19	Bajo Aragón-Caspe / Baix Aragó-Casp	-145,0		36	145,0
2008	20	Comunidad de Calatayud	-584,0		146	584,0
2008	21	Campo de Cariñena	-139,0		31	139,0
2008	22	Campo de Belchite	-80,0		8	80,0
2008	23	Bajo Martín	-96,0		20	96,0
2008	24	Campo de Daroca	-99,0		10	99,0
2008	25	Jiloca	-218,0		40	218,0
2008	26	Cuencas Mineras	-103,0		29	103,0
2008	27	Andorra-Sierra de Arcos	-119,0		42	119,0
2008	28	Bajo Aragón	-281,0		88	281,0
2008	29	Comunidad de Teruel	-510,0		173	510,0
2008	30	Maestrazgo	-41,0		9	41,0
2008	31	Sierra de Albarracín	-64,0		11	64,0
2008	32	Gúdar-Javalambre	-87,0		14	87,0
2008	33	Matarraña / Matarranya	-134,0		28	134,0
2007	01	La Jacetania	-211,0		79	211,0
2007	02	Alto Gállego	-107,0		63	107,0
2007	03	Sobrarbe	-74,0		21	74,0
2007	04	La Ribagorza	-162,0		43	162,0
2007	05	Cinco Villas	-377,0		104	377,0
2007	06	Hoya de Huesca / Plana de Uesca	-667,0		296	667,0
2007	07	Somontano de Barbastro	-267,0		68	267,0
2007	08	Cinca Medio	-240,0		78	240,0
2007	09	La Litera / La Llitera	-246,0		60	246,0
2007	10	Los Monegros	-262,0		43	262,0
2007	11	Bajo Cinca / Baix Cinca	-245,0		62	245,0
2007	12	Tarazona y el Moncayo	-195,0		56	195,0
2007	13	Campo de Borja	-202,0		52	202,0
2007	14	Aranda	-80,0		31	80,0
2007	15	Ribera Alta del Ebro	-345,0		141	345,0
2007	16	Valdejalón	-286,0		107	286,0
2007	17	D.C. Zaragoza	-6496,0		3339	6496,0
2007	18	Ribera Baja del Ebro	-105,0		29	105,0
2007	19	Bajo Aragón-Caspe / Baix Aragó-Casp	-147,0		44	147,0
2007	20	Comunidad de Calatayud	-569,0		113	569,0
2007	21	Campo de Cariñena	-146,0		20	146,0
2007	22	Campo de Belchite	-66,0		6	66,0
2007	23	Bajo Martín	-109,0		15	109,0
2007	24	Campo de Daroca	-95,0		9	95,0
2007	25	Jiloca	-217,0		34	217,0
2007	26	Cuencas Mineras	-105,0		22	105,0
2007	27	Andorra-Sierra de Arcos	-110,0		32	110,0
2007	28	Bajo Aragón	-308,0		102	308,0
2007	29	Comunidad de Teruel	-461,0		214	461,0
2007	30	Maestrazgo	-61,0		10	61,0
2007	31	Sierra de Albarracín	-77,0		7	77,0
2007	32	Gúdar-Javalambre	-113,0		25	113,0
2007	33	Matarraña / Matarranya	-129,0		21	129,0
2006	01	La Jacetania	-204,0		79	204,0
2006	02	Alto Gállego	-141,0		64	141,0
2006	03	Sobrarbe	-67,0		24	67,0
2006	04	La Ribagorza	-150,0		37	150,0
2006	05	Cinco Villas	-372,0		90	372,0
2006	06	Hoya de Huesca / Plana de Uesca	-718,0		283	718,0
2006	07	Somontano de Barbastro	-302,0		88	302,0
2006	08	Cinca Medio	-250,0		85	250,0
2006	09	La Litera / La Llitera	-234,0		49	234,0
2006	10	Los Monegros	-248,0		41	248,0
2006	11	Bajo Cinca / Baix Cinca	-213,0		95	213,0
2006	12	Tarazona y el Moncayo	-174,0		52	174,0
2006	13	Campo de Borja	-182,0		46	182,0
2006	14	Aranda	-76,0		18	76,0
2006	15	Ribera Alta del Ebro	-296,0		135	296,0
2006	16	Valdejalón	-313,0		87	313,0
2006	17	D.C. Zaragoza	-6223,0		3542	6223,0
2006	18	Ribera Baja del Ebro	-104,0		12	104,0
2006	19	Bajo Aragón-Caspe / Baix Aragó-Casp	-184,0		37	184,0
2006	20	Comunidad de Calatayud	-550,0		153	550,0
2006	21	Campo de Cariñena	-150,0		29	150,0
2006	22	Campo de Belchite	-74,0		5	74,0
2006	23	Bajo Martín	-117,0		14	117,0
2006	24	Campo de Daroca	-93,0		19	93,0
2006	25	Jiloca	-183,0		29	183,0
2006	26	Cuencas Mineras	-108,0		18	108,0
2006	27	Andorra-Sierra de Arcos	-99,0		32	99,0
2006	28	Bajo Aragón	-346,0		137	346,0
2006	29	Comunidad de Teruel	-487,0		196	487,0
2006	30	Maestrazgo	-58,0		13	58,0
2006	31	Sierra de Albarracín	-65,0		13	65,0
2006	32	Gúdar-Javalambre	-77,0		18	77,0
2006	33	Matarraña / Matarranya	-131,0		21	131,0
2005	01	La Jacetania	-201,0		71	201,0
2005	02	Alto Gállego	-128,0		40	128,0
2005	03	Sobrarbe	-85,0		19	85,0
2005	04	La Ribagorza	-173,0		25	173,0
2005	05	Cinco Villas	-411,0		119	411,0
2005	06	Hoya de Huesca / Plana de Uesca	-709,0		325	709,0
2005	07	Somontano de Barbastro	-334,0		78	334,0
2005	08	Cinca Medio	-268,0		65	268,0
2005	09	La Litera / La Llitera	-236,0		64	236,0
2005	10	Los Monegros	-281,0		57	281,0
2005	11	Bajo Cinca / Baix Cinca	-264,0		76	264,0
2005	12	Tarazona y el Moncayo	-200,0		53	200,0
2005	13	Campo de Borja	-198,0		33	198,0
2005	14	Aranda	-66,0		15	66,0
2005	15	Ribera Alta del Ebro	-341,0		122	341,0
2005	16	Valdejalón	-310,0		93	310,0
2005	17	D.C. Zaragoza	-6604,0		3642	6604,0
2005	18	Ribera Baja del Ebro	-98,0		25	98,0
2005	19	Bajo Aragón-Caspe / Baix Aragó-Casp	-169,0		39	169,0
2005	20	Comunidad de Calatayud	-560,0		138	560,0
2005	21	Campo de Cariñena	-138,0		34	138,0
2005	22	Campo de Belchite	-92,0		4	92,0
2005	23	Bajo Martín	-103,0		23	103,0
2005	24	Campo de Daroca	-78,0		21	78,0
2005	25	Jiloca	-203,0		35	203,0
2005	26	Cuencas Mineras	-114,0		32	114,0
2005	27	Andorra-Sierra de Arcos	-112,0		27	112,0
2005	28	Bajo Aragón	-326,0		124	326,0
2005	29	Comunidad de Teruel	-537,0		220	537,0
2005	30	Maestrazgo	-41,0		13	41,0
2005	31	Sierra de Albarracín	-58,0		15	58,0
2005	32	Gúdar-Javalambre	-113,0		23	113,0
2005	33	Matarraña / Matarranya	-131,0		21	131,0
2004	01	La Jacetania	-190,0		88	190,0
2004	02	Alto Gállego	-137,0		66	137,0
2004	03	Sobrarbe	-71,0		22	71,0
2004	04	La Ribagorza	-182,0		46	182,0
2004	05	Cinco Villas	-375,0		137	375,0
2004	06	Hoya de Huesca / Plana de Uesca	-690,0		301	690,0
2004	07	Somontano de Barbastro	-260,0		83	260,0
2004	08	Cinca Medio	-282,0		103	282,0
2004	09	La Litera / La Llitera	-243,0		47	243,0
2004	10	Los Monegros	-245,0		49	245,0
2004	11	Bajo Cinca / Baix Cinca	-241,0		85	241,0
2004	12	Tarazona y el Moncayo	-197,0		59	197,0
2004	13	Campo de Borja	-217,0		50	217,0
2004	14	Aranda	-89,0		24	89,0
2004	15	Ribera Alta del Ebro	-320,0		119	320,0
2004	16	Valdejalón	-301,0		103	301,0
2004	17	D.C. Zaragoza	-6391,0		3717	6391,0
2004	18	Ribera Baja del Ebro	-111,0		28	111,0
2004	19	Bajo Aragón-Caspe / Baix Aragó-Casp	-179,0		53	179,0
2004	20	Comunidad de Calatayud	-509,0		144	509,0
2004	21	Campo de Cariñena	-133,0		31	133,0
2004	22	Campo de Belchite	-82,0		4	82,0
2004	23	Bajo Martín	-108,0		19	108,0
2004	24	Campo de Daroca	-95,0		14	95,0
2004	25	Jiloca	-161,0		39	161,0
2004	26	Cuencas Mineras	-89,0		20	89,0
2004	27	Andorra-Sierra de Arcos	-108,0		23	108,0
2004	28	Bajo Aragón	-340,0		143	340,0
2004	29	Comunidad de Teruel	-519,0		218	519,0
2004	30	Maestrazgo	-42,0		3	42,0
2004	31	Sierra de Albarracín	-62,0		8	62,0
2004	32	Gúdar-Javalambre	-98,0		25	98,0
2004	33	Matarraña / Matarranya	-108,0		15	108,0
2003	01	La Jacetania	-194,0		68	194,0
2003	02	Alto Gállego	-119,0		54	119,0
2003	03	Sobrarbe	-101,0		14	101,0
2003	04	La Ribagorza	-159,0		42	159,0
2003	05	Cinco Villas	-364,0		116	364,0
2003	06	Hoya de Huesca / Plana de Uesca	-730,0		278	730,0
2003	07	Somontano de Barbastro	-310,0		78	310,0
2003	08	Cinca Medio	-247,0		83	247,0
2003	09	La Litera / La Llitera	-246,0		58	246,0
2003	10	Los Monegros	-265,0		47	265,0
2003	11	Bajo Cinca / Baix Cinca	-268,0		70	268,0
2003	12	Tarazona y el Moncayo	-193,0		66	193,0
2003	13	Campo de Borja	-218,0		56	218,0
2003	14	Aranda	-92,0		28	92,0
2003	15	Ribera Alta del Ebro	-352,0		124	352,0
2003	16	Valdejalón	-318,0		104	318,0
2003	17	D.C. Zaragoza	-6536,0		3575	6536,0
2003	18	Ribera Baja del Ebro	-99,0		29	99,0
2003	19	Bajo Aragón-Caspe / Baix Aragó-Casp	-171,0		57	171,0
2003	20	Comunidad de Calatayud	-577,0		146	577,0
2003	21	Campo de Cariñena	-162,0		27	162,0
2003	22	Campo de Belchite	-93,0		3	93,0
2003	23	Bajo Martín	-104,0		19	104,0
2003	24	Campo de Daroca	-112,0		15	112,0
2003	25	Jiloca	-173,0		46	173,0
2003	26	Cuencas Mineras	-112,0		26	112,0
2003	27	Andorra-Sierra de Arcos	-101,0		45	101,0
2003	28	Bajo Aragón	-369,0		164	369,0
2003	29	Comunidad de Teruel	-522,0		217	522,0
2003	30	Maestrazgo	-60,0		10	60,0
2003	31	Sierra de Albarracín	-64,0		11	64,0
2003	32	Gúdar-Javalambre	-121,0		25	121,0
2003	33	Matarraña / Matarranya	-142,0		21	142,0