Año	Nº Accidentes	Código	Municipio	Grupo Grado Código	Grupo Grado Código	Régimen Código (2 dígitos)	Régimen (2 dígitos)
2019,0	174	22048	Barbastro	1	Leves	01	General
2019,0	11	22048	Barbastro	1	Leves	05	Trabajadores Autónomos
2019,0	1	22048	Barbastro	3	Mortales	01	General
2019,0	286	22061	Binéfar	1	Leves	01	General
2019,0	8	22061	Binéfar	1	Leves	05	Trabajadores Autónomos
2019,0	1	22061	Binéfar	2	Graves o muy graves	01	General
2019,0	1	22061	Binéfar	3	Mortales	01	General
2019,0	276	22112	Fraga	1	Leves	01	General
2019,0	17	22112	Fraga	1	Leves	05	Trabajadores Autónomos
2019,0	1	22112	Fraga	2	Graves o muy graves	01	General
2019,0	1	22112	Fraga	2	Graves o muy graves	05	Trabajadores Autónomos
2019,0	1	22112	Fraga	3	Mortales	01	General
2019,0	742	22125	Huesca	1	Leves	01	General
2019,0	35	22125	Huesca	1	Leves	05	Trabajadores Autónomos
2019,0	7	22125	Huesca	2	Graves o muy graves	01	General
2019,0	1	22125	Huesca	3	Mortales	01	General
2019,0	123	22130	Jaca	1	Leves	01	General
2019,0	17	22130	Jaca	1	Leves	05	Trabajadores Autónomos
2019,0	1	22130	Jaca	2	Graves o muy graves	05	Trabajadores Autónomos
2019,0	324	22158	Monzón	1	Leves	01	General
2019,0	16	22158	Monzón	1	Leves	05	Trabajadores Autónomos
2019,0	6	22158	Monzón	2	Graves o muy graves	01	General
2019,0	1	22158	Monzón	3	Mortales	01	General
2019,0	84	22199	Sabiñánigo	1	Leves	01	General
2019,0	13	22199	Sabiñánigo	1	Leves	05	Trabajadores Autónomos
2019,0	151	44013	Alcañiz	1	Leves	01	General
2019,0	21	44013	Alcañiz	1	Leves	05	Trabajadores Autónomos
2019,0	2	44013	Alcañiz	2	Graves o muy graves	01	General
2019,0	32	44025	Andorra	1	Leves	01	General
2019,0	4	44025	Andorra	1	Leves	05	Trabajadores Autónomos
2019,0	533	44216	Teruel	1	Leves	01	General
2019,0	21	44216	Teruel	1	Leves	05	Trabajadores Autónomos
2019,0	3	44216	Teruel	2	Graves o muy graves	01	General
2019,0	103	50008	Alagón	1	Leves	01	General
2019,0	4	50008	Alagón	1	Leves	05	Trabajadores Autónomos
2019,0	143	50025	Almunia de Doña Godina (La)	1	Leves	01	General
2019,0	4	50025	Almunia de Doña Godina (La)	1	Leves	05	Trabajadores Autónomos
2019,0	182	50067	Calatayud	1	Leves	01	General
2019,0	9	50067	Calatayud	1	Leves	05	Trabajadores Autónomos
2019,0	87	50074	Caspe	1	Leves	01	General
2019,0	10	50074	Caspe	1	Leves	05	Trabajadores Autónomos
2019,0	1	50074	Caspe	3	Mortales	05	Trabajadores Autónomos
2019,0	216	50089	Cuarte de Huerva	1	Leves	01	General
2019,0	11	50089	Cuarte de Huerva	1	Leves	05	Trabajadores Autónomos
2019,0	3	50089	Cuarte de Huerva	2	Graves o muy graves	01	General
2019,0	1	50089	Cuarte de Huerva	2	Graves o muy graves	05	Trabajadores Autónomos
2019,0	1	50089	Cuarte de Huerva	3	Mortales	01	General
2019,0	266	50095	Ejea de los Caballeros	1	Leves	01	General
2019,0	35	50095	Ejea de los Caballeros	1	Leves	05	Trabajadores Autónomos
2019,0	3	50095	Ejea de los Caballeros	2	Graves o muy graves	01	General
2019,0	1	50095	Ejea de los Caballeros	3	Mortales	01	General
2019,0	35	50163	María de Huerva	1	Leves	01	General
2019,0	1	50163	María de Huerva	1	Leves	05	Trabajadores Autónomos
2019,0	237	50182	Muela (La)	1	Leves	01	General
2019,0	3	50182	Muela (La)	1	Leves	05	Trabajadores Autónomos
2019,0	2	50182	Muela (La)	2	Graves o muy graves	01	General
2019,0	223	50219	Puebla de Alfindén (La)	1	Leves	01	General
2019,0	11	50219	Puebla de Alfindén (La)	1	Leves	05	Trabajadores Autónomos
2019,0	133	50251	Tarazona	1	Leves	01	General
2019,0	13	50251	Tarazona	1	Leves	05	Trabajadores Autónomos
2019,0	123	50252	Tauste	1	Leves	01	General
2019,0	13	50252	Tauste	1	Leves	05	Trabajadores Autónomos
2019,0	2	50252	Tauste	2	Graves o muy graves	01	General
2019,0	265	50272	Utebo	1	Leves	01	General
2019,0	10	50272	Utebo	1	Leves	05	Trabajadores Autónomos
2019,0	2	50272	Utebo	2	Graves o muy graves	01	General
2019,0	6190	50297	Zaragoza	1	Leves	01	General
2019,0	277	50297	Zaragoza	1	Leves	05	Trabajadores Autónomos
2019,0	29	50297	Zaragoza	2	Graves o muy graves	01	General
2019,0	2	50297	Zaragoza	2	Graves o muy graves	05	Trabajadores Autónomos
2019,0	7	50297	Zaragoza	3	Mortales	01	General
2019,0	279	50298	Zuera	1	Leves	01	General
2019,0	22	50298	Zuera	1	Leves	05	Trabajadores Autónomos
2019,0	2	50298	Zuera	2	Graves o muy graves	01	General
2019,0	1	50298	Zuera	2	Graves o muy graves	05	Trabajadores Autónomos
2015,0	161	22048	Barbastro	1	Leves	01	General
2015,0	6	22048	Barbastro	1	Leves	05	Trabajadores Autónomos
2015,0	1	22048	Barbastro	1	Leves	08	Especial Trabajadores del Mar
2015,0	2	22048	Barbastro	2	Graves o muy graves	01	General
2015,0	134	22061	Binéfar	1	Leves	01	General
2015,0	2	22061	Binéfar	1	Leves	05	Trabajadores Autónomos
2015,0	209	22112	Fraga	1	Leves	01	General
2015,0	6	22112	Fraga	1	Leves	05	Trabajadores Autónomos
2015,0	1	22112	Fraga	2	Graves o muy graves	01	General
2015,0	1	22112	Fraga	3	Mortales	05	Trabajadores Autónomos
2015,0	529	22125	Huesca	1	Leves	01	General
2015,0	8	22125	Huesca	1	Leves	05	Trabajadores Autónomos
2015,0	2	22125	Huesca	2	Graves o muy graves	01	General
2015,0	73	22130	Jaca	1	Leves	01	General
2015,0	2	22130	Jaca	1	Leves	05	Trabajadores Autónomos
2015,0	2	22130	Jaca	2	Graves o muy graves	01	General
2015,0	216	22158	Monzón	1	Leves	01	General
2015,0	5	22158	Monzón	1	Leves	05	Trabajadores Autónomos
2015,0	1	22158	Monzón	2	Graves o muy graves	01	General
2015,0	1	22158	Monzón	3	Mortales	01	General
2015,0	39	22199	Sabiñánigo	1	Leves	01	General
2015,0	1	22199	Sabiñánigo	1	Leves	05	Trabajadores Autónomos
2015,0	89	44013	Alcañiz	1	Leves	01	General
2015,0	2	44013	Alcañiz	1	Leves	05	Trabajadores Autónomos
2015,0	45	44025	Andorra	1	Leves	01	General
2015,0	298	44216	Teruel	1	Leves	01	General
2015,0	12	44216	Teruel	1	Leves	05	Trabajadores Autónomos
2015,0	3	44216	Teruel	2	Graves o muy graves	01	General
2015,0	49	50008	Alagón	1	Leves	01	General
2015,0	102	50025	Almunia de Doña Godina (La)	1	Leves	01	General
2015,0	2	50025	Almunia de Doña Godina (La)	1	Leves	05	Trabajadores Autónomos
2015,0	141	50067	Calatayud	1	Leves	01	General
2015,0	6	50067	Calatayud	1	Leves	05	Trabajadores Autónomos
2015,0	2	50067	Calatayud	2	Graves o muy graves	01	General
2015,0	83	50074	Caspe	1	Leves	01	General
2015,0	1	50074	Caspe	3	Mortales	01	General
2015,0	170	50089	Cuarte de Huerva	1	Leves	01	General
2015,0	5	50089	Cuarte de Huerva	1	Leves	05	Trabajadores Autónomos
2015,0	1	50089	Cuarte de Huerva	2	Graves o muy graves	01	General
2015,0	1	50089	Cuarte de Huerva	3	Mortales	01	General
2015,0	200	50095	Ejea de los Caballeros	1	Leves	01	General
2015,0	2	50095	Ejea de los Caballeros	1	Leves	05	Trabajadores Autónomos
2015,0	1	50095	Ejea de los Caballeros	2	Graves o muy graves	01	General
2015,0	1	50095	Ejea de los Caballeros	3	Mortales	01	General
2015,0	31	50163	María de Huerva	1	Leves	01	General
2015,0	5	50163	María de Huerva	1	Leves	05	Trabajadores Autónomos
2015,0	164	50182	Muela (La)	1	Leves	01	General
2015,0	4	50182	Muela (La)	1	Leves	05	Trabajadores Autónomos
2015,0	3	50182	Muela (La)	2	Graves o muy graves	01	General
2015,0	184	50219	Puebla de Alfindén (La)	1	Leves	01	General
2015,0	2	50219	Puebla de Alfindén (La)	1	Leves	05	Trabajadores Autónomos
2015,0	1	50219	Puebla de Alfindén (La)	2	Graves o muy graves	01	General
2015,0	104	50251	Tarazona	1	Leves	01	General
2015,0	2	50251	Tarazona	1	Leves	05	Trabajadores Autónomos
2015,0	1	50251	Tarazona	2	Graves o muy graves	01	General
2015,0	108	50252	Tauste	1	Leves	01	General
2015,0	2	50252	Tauste	2	Graves o muy graves	01	General
2015,0	145	50272	Utebo	1	Leves	01	General
2015,0	1	50272	Utebo	2	Graves o muy graves	01	General
2015,0	5453	50297	Zaragoza	1	Leves	01	General
2015,0	64	50297	Zaragoza	1	Leves	05	Trabajadores Autónomos
2015,0	25	50297	Zaragoza	2	Graves o muy graves	01	General
2015,0	1	50297	Zaragoza	2	Graves o muy graves	05	Trabajadores Autónomos
2015,0	13	50297	Zaragoza	3	Mortales	01	General
2015,0	118	50298	Zuera	1	Leves	01	General
2014,0	150	22048	Barbastro	1	Leves	01	General
2014,0	4	22048	Barbastro	1	Leves	05	Trabajadores Autónomos
2014,0	3	22048	Barbastro	2	Graves o muy graves	01	General
2014,0	117	22061	Binéfar	1	Leves	01	General
2014,0	3	22061	Binéfar	1	Leves	05	Trabajadores Autónomos
2014,0	1	22061	Binéfar	2	Graves o muy graves	01	General
2014,0	201	22112	Fraga	1	Leves	01	General
2014,0	6	22112	Fraga	1	Leves	05	Trabajadores Autónomos
2014,0	1	22112	Fraga	2	Graves o muy graves	01	General
2014,0	511	22125	Huesca	1	Leves	01	General
2014,0	9	22125	Huesca	1	Leves	05	Trabajadores Autónomos
2014,0	5	22125	Huesca	2	Graves o muy graves	01	General
2014,0	91	22130	Jaca	1	Leves	01	General
2014,0	3	22130	Jaca	1	Leves	05	Trabajadores Autónomos
2014,0	1	22130	Jaca	2	Graves o muy graves	01	General
2014,0	185	22158	Monzón	1	Leves	01	General
2014,0	5	22158	Monzón	1	Leves	05	Trabajadores Autónomos
2014,0	1	22158	Monzón	2	Graves o muy graves	01	General
2014,0	49	22199	Sabiñánigo	1	Leves	01	General
2014,0	2	22199	Sabiñánigo	1	Leves	05	Trabajadores Autónomos
2014,0	1	22199	Sabiñánigo	2	Graves o muy graves	01	General
2014,0	127	44013	Alcañiz	1	Leves	01	General
2014,0	5	44013	Alcañiz	1	Leves	05	Trabajadores Autónomos
2014,0	3	44013	Alcañiz	2	Graves o muy graves	01	General
2014,0	49	44025	Andorra	1	Leves	01	General
2014,0	1	44025	Andorra	3	Mortales	01	General
2014,0	333	44216	Teruel	1	Leves	01	General
2014,0	16	44216	Teruel	1	Leves	05	Trabajadores Autónomos
2014,0	1	44216	Teruel	2	Graves o muy graves	01	General
2014,0	59	50008	Alagón	1	Leves	01	General
2014,0	2	50008	Alagón	1	Leves	05	Trabajadores Autónomos
2014,0	109	50025	Almunia de Doña Godina (La)	1	Leves	01	General
2014,0	1	50025	Almunia de Doña Godina (La)	3	Mortales	01	General
2014,0	139	50067	Calatayud	1	Leves	01	General
2014,0	1	50067	Calatayud	1	Leves	05	Trabajadores Autónomos
2014,0	1	50067	Calatayud	3	Mortales	01	General
2014,0	60	50074	Caspe	1	Leves	01	General
2014,0	1	50074	Caspe	2	Graves o muy graves	05	Trabajadores Autónomos
2014,0	172	50089	Cuarte de Huerva	1	Leves	01	General
2014,0	4	50089	Cuarte de Huerva	1	Leves	05	Trabajadores Autónomos
2014,0	2	50089	Cuarte de Huerva	2	Graves o muy graves	01	General
2014,0	1	50089	Cuarte de Huerva	2	Graves o muy graves	05	Trabajadores Autónomos
2014,0	152	50095	Ejea de los Caballeros	1	Leves	01	General
2014,0	7	50095	Ejea de los Caballeros	1	Leves	05	Trabajadores Autónomos
2014,0	1	50095	Ejea de los Caballeros	3	Mortales	01	General
2014,0	20	50163	María de Huerva	1	Leves	01	General
2014,0	2	50163	María de Huerva	1	Leves	05	Trabajadores Autónomos
2014,0	1	50163	María de Huerva	2	Graves o muy graves	01	General
2014,0	160	50182	Muela (La)	1	Leves	01	General
2014,0	150	50219	Puebla de Alfindén (La)	1	Leves	01	General
2014,0	1	50219	Puebla de Alfindén (La)	1	Leves	05	Trabajadores Autónomos
2014,0	54	50251	Tarazona	1	Leves	01	General
2014,0	88	50252	Tauste	1	Leves	01	General
2014,0	136	50272	Utebo	1	Leves	01	General
2014,0	2	50272	Utebo	1	Leves	05	Trabajadores Autónomos
2014,0	4830	50297	Zaragoza	1	Leves	01	General
2014,0	77	50297	Zaragoza	1	Leves	05	Trabajadores Autónomos
2014,0	25	50297	Zaragoza	2	Graves o muy graves	01	General
2014,0	1	50297	Zaragoza	2	Graves o muy graves	05	Trabajadores Autónomos
2014,0	6	50297	Zaragoza	3	Mortales	01	General
2014,0	98	50298	Zuera	1	Leves	01	General
2014,0	3	50298	Zuera	1	Leves	05	Trabajadores Autónomos
2014,0	1	50298	Zuera	2	Graves o muy graves	01	General
2014,0	1	50298	Zuera	3	Mortales	01	General
2013,0	126	22048	Barbastro	1	Leves	01	General
2013,0	5	22048	Barbastro	1	Leves	05	Trabajadores Autónomos
2013,0	109	22061	Binéfar	1	Leves	01	General
2013,0	3	22061	Binéfar	1	Leves	05	Trabajadores Autónomos
2013,0	2	22061	Binéfar	2	Graves o muy graves	01	General
2013,0	175	22112	Fraga	1	Leves	01	General
2013,0	3	22112	Fraga	1	Leves	05	Trabajadores Autónomos
2013,0	473	22125	Huesca	1	Leves	01	General
2013,0	6	22125	Huesca	1	Leves	05	Trabajadores Autónomos
2013,0	1	22125	Huesca	2	Graves o muy graves	01	General
2013,0	109	22130	Jaca	1	Leves	01	General
2013,0	3	22130	Jaca	1	Leves	05	Trabajadores Autónomos
2013,0	5	22130	Jaca	2	Graves o muy graves	01	General
2013,0	197	22158	Monzón	1	Leves	01	General
2013,0	2	22158	Monzón	1	Leves	05	Trabajadores Autónomos
2013,0	41	22199	Sabiñánigo	1	Leves	01	General
2013,0	131	44013	Alcañiz	1	Leves	01	General
2013,0	7	44013	Alcañiz	1	Leves	05	Trabajadores Autónomos
2013,0	1	44013	Alcañiz	2	Graves o muy graves	01	General
2013,0	33	44025	Andorra	1	Leves	01	General
2013,0	2	44025	Andorra	1	Leves	05	Trabajadores Autónomos
2013,0	1	44025	Andorra	2	Graves o muy graves	01	General
2013,0	365	44216	Teruel	1	Leves	01	General
2013,0	11	44216	Teruel	1	Leves	05	Trabajadores Autónomos
2013,0	2	44216	Teruel	2	Graves o muy graves	01	General
2013,0	52	50008	Alagón	1	Leves	01	General
2013,0	1	50008	Alagón	1	Leves	05	Trabajadores Autónomos
2013,0	1	50008	Alagón	3	Mortales	01	General
2013,0	76	50025	Almunia de Doña Godina (La)	1	Leves	01	General
2013,0	1	50025	Almunia de Doña Godina (La)	1	Leves	05	Trabajadores Autónomos
2013,0	1	50025	Almunia de Doña Godina (La)	2	Graves o muy graves	05	Trabajadores Autónomos
2013,0	142	50067	Calatayud	1	Leves	01	General
2013,0	2	50067	Calatayud	1	Leves	05	Trabajadores Autónomos
2013,0	75	50074	Caspe	1	Leves	01	General
2013,0	155	50089	Cuarte de Huerva	1	Leves	01	General
2013,0	7	50089	Cuarte de Huerva	1	Leves	05	Trabajadores Autónomos
2013,0	1	50089	Cuarte de Huerva	3	Mortales	01	General
2013,0	144	50095	Ejea de los Caballeros	1	Leves	01	General
2013,0	3	50095	Ejea de los Caballeros	1	Leves	05	Trabajadores Autónomos
2013,0	1	50095	Ejea de los Caballeros	3	Mortales	01	General
2013,0	9	50163	María de Huerva	1	Leves	01	General
2013,0	1	50163	María de Huerva	1	Leves	05	Trabajadores Autónomos
2013,0	115	50182	Muela (La)	1	Leves	01	General
2013,0	1	50182	Muela (La)	1	Leves	05	Trabajadores Autónomos
2013,0	1	50182	Muela (La)	2	Graves o muy graves	01	General
2013,0	1	50182	Muela (La)	2	Graves o muy graves	05	Trabajadores Autónomos
2013,0	138	50219	Puebla de Alfindén (La)	1	Leves	01	General
2013,0	1	50219	Puebla de Alfindén (La)	1	Leves	05	Trabajadores Autónomos
2013,0	66	50251	Tarazona	1	Leves	01	General
2013,0	4	50251	Tarazona	1	Leves	05	Trabajadores Autónomos
2013,0	75	50252	Tauste	1	Leves	01	General
2013,0	1	50252	Tauste	1	Leves	05	Trabajadores Autónomos
2013,0	154	50272	Utebo	1	Leves	01	General
2013,0	5	50272	Utebo	1	Leves	05	Trabajadores Autónomos
2013,0	4818	50297	Zaragoza	1	Leves	01	General
2013,0	92	50297	Zaragoza	1	Leves	05	Trabajadores Autónomos
2013,0	22	50297	Zaragoza	2	Graves o muy graves	01	General
2013,0	7	50297	Zaragoza	3	Mortales	01	General
2013,0	130	50298	Zuera	1	Leves	01	General
2013,0	1	50298	Zuera	1	Leves	05	Trabajadores Autónomos
2012,0	112	22048	Barbastro	1	Leves	01	General
2012,0	5	22048	Barbastro	1	Leves	05	Trabajadores Autónomos
2012,0	1	22048	Barbastro	1	Leves	07	Especial Agrario Cuenta Propia
2012,0	1	22048	Barbastro	2	Graves o muy graves	01	General
2012,0	108	22061	Binéfar	1	Leves	01	General
2012,0	4	22061	Binéfar	1	Leves	05	Trabajadores Autónomos
2012,0	1	22061	Binéfar	2	Graves o muy graves	01	General
2012,0	175	22112	Fraga	1	Leves	01	General
2012,0	2	22112	Fraga	1	Leves	05	Trabajadores Autónomos
2012,0	6	22112	Fraga	1	Leves	06	Especial Agrario Cuenta Ajena
2012,0	1	22112	Fraga	1	Leves	07	Especial Agrario Cuenta Propia
2012,0	4	22112	Fraga	2	Graves o muy graves	01	General
2012,0	444	22125	Huesca	1	Leves	01	General
2012,0	7	22125	Huesca	1	Leves	05	Trabajadores Autónomos
2012,0	2	22125	Huesca	2	Graves o muy graves	01	General
2012,0	78	22130	Jaca	1	Leves	01	General
2012,0	2	22130	Jaca	1	Leves	05	Trabajadores Autónomos
2012,0	2	22130	Jaca	2	Graves o muy graves	01	General
2012,0	1	22130	Jaca	3	Mortales	05	Trabajadores Autónomos
2012,0	231	22158	Monzón	1	Leves	01	General
2012,0	8	22158	Monzón	1	Leves	05	Trabajadores Autónomos
2012,0	4	22158	Monzón	2	Graves o muy graves	01	General
2012,0	35	22199	Sabiñánigo	1	Leves	01	General
2012,0	5	22199	Sabiñánigo	1	Leves	05	Trabajadores Autónomos
2012,0	1	22199	Sabiñánigo	1	Leves	06	Especial Agrario Cuenta Ajena
2012,0	1	22199	Sabiñánigo	2	Graves o muy graves	01	General
2012,0	121	44013	Alcañiz	1	Leves	01	General
2012,0	1	44013	Alcañiz	1	Leves	05	Trabajadores Autónomos
2012,0	1	44013	Alcañiz	1	Leves	07	Especial Agrario Cuenta Propia
2012,0	62	44025	Andorra	1	Leves	01	General
2012,0	3	44025	Andorra	1	Leves	05	Trabajadores Autónomos
2012,0	1	44025	Andorra	1	Leves	06	Especial Agrario Cuenta Ajena
2012,0	1	44025	Andorra	2	Graves o muy graves	01	General
2012,0	2	44025	Andorra	3	Mortales	01	General
2012,0	295	44216	Teruel	1	Leves	01	General
2012,0	10	44216	Teruel	1	Leves	05	Trabajadores Autónomos
2012,0	1	44216	Teruel	1	Leves	06	Especial Agrario Cuenta Ajena
2012,0	1	44216	Teruel	1	Leves	07	Especial Agrario Cuenta Propia
2012,0	3	44216	Teruel	2	Graves o muy graves	01	General
2012,0	2	44216	Teruel	3	Mortales	01	General
2012,0	59	50008	Alagón	1	Leves	01	General
2012,0	2	50008	Alagón	1	Leves	05	Trabajadores Autónomos
2012,0	78	50025	Almunia de Doña Godina (La)	1	Leves	01	General
2012,0	5	50025	Almunia de Doña Godina (La)	1	Leves	06	Especial Agrario Cuenta Ajena
2012,0	1	50025	Almunia de Doña Godina (La)	2	Graves o muy graves	06	Especial Agrario Cuenta Ajena
2012,0	129	50067	Calatayud	1	Leves	01	General
2012,0	2	50067	Calatayud	1	Leves	05	Trabajadores Autónomos
2012,0	1	50067	Calatayud	1	Leves	06	Especial Agrario Cuenta Ajena
2012,0	64	50074	Caspe	1	Leves	01	General
2012,0	5	50074	Caspe	1	Leves	06	Especial Agrario Cuenta Ajena
2012,0	1	50074	Caspe	2	Graves o muy graves	01	General
2012,0	157	50089	Cuarte de Huerva	1	Leves	01	General
2012,0	3	50089	Cuarte de Huerva	1	Leves	05	Trabajadores Autónomos
2012,0	2	50089	Cuarte de Huerva	2	Graves o muy graves	01	General
2012,0	1	50089	Cuarte de Huerva	3	Mortales	01	General
2012,0	154	50095	Ejea de los Caballeros	1	Leves	01	General
2012,0	3	50095	Ejea de los Caballeros	1	Leves	05	Trabajadores Autónomos
2012,0	4	50095	Ejea de los Caballeros	1	Leves	06	Especial Agrario Cuenta Ajena
2012,0	1	50095	Ejea de los Caballeros	2	Graves o muy graves	01	General
2012,0	23	50163	María de Huerva	1	Leves	01	General
2012,0	2	50163	María de Huerva	1	Leves	05	Trabajadores Autónomos
2012,0	131	50182	Muela (La)	1	Leves	01	General
2012,0	185	50219	Puebla de Alfindén (La)	1	Leves	01	General
2012,0	2	50219	Puebla de Alfindén (La)	1	Leves	05	Trabajadores Autónomos
2012,0	88	50251	Tarazona	1	Leves	01	General
2012,0	2	50251	Tarazona	1	Leves	05	Trabajadores Autónomos
2012,0	1	50251	Tarazona	2	Graves o muy graves	01	General
2012,0	55	50252	Tauste	1	Leves	01	General
2012,0	2	50252	Tauste	1	Leves	05	Trabajadores Autónomos
2012,0	5	50252	Tauste	1	Leves	06	Especial Agrario Cuenta Ajena
2012,0	169	50272	Utebo	1	Leves	01	General
2012,0	4861	50297	Zaragoza	1	Leves	01	General
2012,0	81	50297	Zaragoza	1	Leves	05	Trabajadores Autónomos
2012,0	8	50297	Zaragoza	1	Leves	06	Especial Agrario Cuenta Ajena
2012,0	29	50297	Zaragoza	2	Graves o muy graves	01	General
2012,0	3	50297	Zaragoza	3	Mortales	01	General
2012,0	119	50298	Zuera	1	Leves	01	General
2012,0	1	50298	Zuera	1	Leves	05	Trabajadores Autónomos
2011,0	134	22048	Barbastro	1	Leves	01	General
2011,0	5	22048	Barbastro	1	Leves	05	Trabajadores Autónomos
2011,0	2	22048	Barbastro	1	Leves	06	Especial Agrario Cuenta Ajena
2011,0	1	22048	Barbastro	1	Leves	07	Especial Agrario Cuenta Propia
2011,0	3	22048	Barbastro	2	Graves o muy graves	01	General
2011,0	145	22061	Binéfar	1	Leves	01	General
2011,0	2	22061	Binéfar	1	Leves	06	Especial Agrario Cuenta Ajena
2011,0	1	22061	Binéfar	2	Graves o muy graves	01	General
2011,0	162	22112	Fraga	1	Leves	01	General
2011,0	5	22112	Fraga	1	Leves	05	Trabajadores Autónomos
2011,0	19	22112	Fraga	1	Leves	06	Especial Agrario Cuenta Ajena
2011,0	2	22112	Fraga	1	Leves	07	Especial Agrario Cuenta Propia
2011,0	1	22112	Fraga	3	Mortales	01	General
2011,0	508	22125	Huesca	1	Leves	01	General
2011,0	9	22125	Huesca	1	Leves	05	Trabajadores Autónomos
2011,0	3	22125	Huesca	1	Leves	06	Especial Agrario Cuenta Ajena
2011,0	6	22125	Huesca	2	Graves o muy graves	01	General
2011,0	1	22125	Huesca	2	Graves o muy graves	05	Trabajadores Autónomos
2011,0	108	22130	Jaca	1	Leves	01	General
2011,0	5	22130	Jaca	1	Leves	05	Trabajadores Autónomos
2011,0	1	22130	Jaca	3	Mortales	01	General
2011,0	258	22158	Monzón	1	Leves	01	General
2011,0	4	22158	Monzón	1	Leves	05	Trabajadores Autónomos
2011,0	2	22158	Monzón	1	Leves	06	Especial Agrario Cuenta Ajena
2011,0	2	22158	Monzón	2	Graves o muy graves	01	General
2011,0	64	22199	Sabiñánigo	1	Leves	01	General
2011,0	1	22199	Sabiñánigo	1	Leves	05	Trabajadores Autónomos
2011,0	3	22199	Sabiñánigo	1	Leves	06	Especial Agrario Cuenta Ajena
2011,0	1	22199	Sabiñánigo	2	Graves o muy graves	06	Especial Agrario Cuenta Ajena
2011,0	166	44013	Alcañiz	1	Leves	01	General
2011,0	1	44013	Alcañiz	1	Leves	05	Trabajadores Autónomos
2011,0	7	44013	Alcañiz	1	Leves	06	Especial Agrario Cuenta Ajena
2011,0	2	44013	Alcañiz	1	Leves	07	Especial Agrario Cuenta Propia
2011,0	83	44025	Andorra	1	Leves	01	General
2011,0	3	44025	Andorra	1	Leves	05	Trabajadores Autónomos
2011,0	1	44025	Andorra	1	Leves	06	Especial Agrario Cuenta Ajena
2011,0	1	44025	Andorra	1	Leves	07	Especial Agrario Cuenta Propia
2011,0	2	44025	Andorra	1	Leves	09	Especial Minería del Carbón
2011,0	376	44216	Teruel	1	Leves	01	General
2011,0	10	44216	Teruel	1	Leves	05	Trabajadores Autónomos
2011,0	6	44216	Teruel	1	Leves	06	Especial Agrario Cuenta Ajena
2011,0	1	44216	Teruel	2	Graves o muy graves	01	General
2011,0	2	44216	Teruel	3	Mortales	01	General
2011,0	121	50008	Alagón	1	Leves	01	General
2011,0	1	50008	Alagón	1	Leves	05	Trabajadores Autónomos
2011,0	8	50008	Alagón	1	Leves	06	Especial Agrario Cuenta Ajena
2011,0	87	50025	Almunia de Doña Godina (La)	1	Leves	01	General
2011,0	1	50025	Almunia de Doña Godina (La)	1	Leves	05	Trabajadores Autónomos
2011,0	15	50025	Almunia de Doña Godina (La)	1	Leves	06	Especial Agrario Cuenta Ajena
2011,0	1	50025	Almunia de Doña Godina (La)	1	Leves	07	Especial Agrario Cuenta Propia
2011,0	1	50025	Almunia de Doña Godina (La)	2	Graves o muy graves	01	General
2011,0	1	50025	Almunia de Doña Godina (La)	2	Graves o muy graves	05	Trabajadores Autónomos
2011,0	138	50067	Calatayud	1	Leves	01	General
2011,0	1	50067	Calatayud	1	Leves	05	Trabajadores Autónomos
2011,0	2	50067	Calatayud	1	Leves	06	Especial Agrario Cuenta Ajena
2011,0	1	50067	Calatayud	2	Graves o muy graves	01	General
2011,0	1	50067	Calatayud	3	Mortales	01	General
2011,0	51	50074	Caspe	1	Leves	01	General
2011,0	3	50074	Caspe	1	Leves	05	Trabajadores Autónomos
2011,0	16	50074	Caspe	1	Leves	06	Especial Agrario Cuenta Ajena
2011,0	1	50074	Caspe	3	Mortales	06	Especial Agrario Cuenta Ajena
2011,0	211	50089	Cuarte de Huerva	1	Leves	01	General
2011,0	3	50089	Cuarte de Huerva	1	Leves	05	Trabajadores Autónomos
2011,0	1	50089	Cuarte de Huerva	1	Leves	06	Especial Agrario Cuenta Ajena
2011,0	184	50095	Ejea de los Caballeros	1	Leves	01	General
2011,0	4	50095	Ejea de los Caballeros	1	Leves	05	Trabajadores Autónomos
2011,0	9	50095	Ejea de los Caballeros	1	Leves	06	Especial Agrario Cuenta Ajena
2011,0	1	50095	Ejea de los Caballeros	1	Leves	07	Especial Agrario Cuenta Propia
2011,0	2	50095	Ejea de los Caballeros	2	Graves o muy graves	01	General
2011,0	1	50095	Ejea de los Caballeros	2	Graves o muy graves	05	Trabajadores Autónomos
2011,0	1	50095	Ejea de los Caballeros	3	Mortales	01	General
2011,0	27	50163	María de Huerva	1	Leves	01	General
2011,0	3	50163	María de Huerva	1	Leves	05	Trabajadores Autónomos
2011,0	1	50163	María de Huerva	2	Graves o muy graves	01	General
2011,0	173	50182	Muela (La)	1	Leves	01	General
2011,0	3	50182	Muela (La)	1	Leves	05	Trabajadores Autónomos
2011,0	1	50182	Muela (La)	1	Leves	06	Especial Agrario Cuenta Ajena
2011,0	231	50219	Puebla de Alfindén (La)	1	Leves	01	General
2011,0	1	50219	Puebla de Alfindén (La)	1	Leves	05	Trabajadores Autónomos
2011,0	1	50219	Puebla de Alfindén (La)	2	Graves o muy graves	01	General
2011,0	1	50219	Puebla de Alfindén (La)	2	Graves o muy graves	05	Trabajadores Autónomos
2011,0	104	50251	Tarazona	1	Leves	01	General
2011,0	4	50251	Tarazona	1	Leves	05	Trabajadores Autónomos
2011,0	2	50251	Tarazona	1	Leves	06	Especial Agrario Cuenta Ajena
2011,0	1	50251	Tarazona	1	Leves	07	Especial Agrario Cuenta Propia
2011,0	1	50251	Tarazona	3	Mortales	01	General
2011,0	77	50252	Tauste	1	Leves	01	General
2011,0	1	50252	Tauste	1	Leves	05	Trabajadores Autónomos
2011,0	5	50252	Tauste	1	Leves	06	Especial Agrario Cuenta Ajena
2011,0	175	50272	Utebo	1	Leves	01	General
2011,0	2	50272	Utebo	1	Leves	05	Trabajadores Autónomos
2011,0	5	50272	Utebo	1	Leves	06	Especial Agrario Cuenta Ajena
2011,0	1	50272	Utebo	2	Graves o muy graves	01	General
2011,0	5942	50297	Zaragoza	1	Leves	01	General
2011,0	72	50297	Zaragoza	1	Leves	05	Trabajadores Autónomos
2011,0	11	50297	Zaragoza	1	Leves	06	Especial Agrario Cuenta Ajena
2011,0	15	50297	Zaragoza	2	Graves o muy graves	01	General
2011,0	2	50297	Zaragoza	2	Graves o muy graves	05	Trabajadores Autónomos
2011,0	5	50297	Zaragoza	3	Mortales	01	General
2011,0	104	50298	Zuera	1	Leves	01	General
2011,0	3	50298	Zuera	1	Leves	05	Trabajadores Autónomos
2011,0	2	50298	Zuera	1	Leves	06	Especial Agrario Cuenta Ajena
2010,0	152	22048	Barbastro	1	Leves	01	General
2010,0	2	22048	Barbastro	1	Leves	05	Trabajadores Autónomos
2010,0	3	22048	Barbastro	1	Leves	06	Especial Agrario Cuenta Ajena
2010,0	1	22048	Barbastro	2	Graves o muy graves	01	General
2010,0	148	22061	Binéfar	1	Leves	01	General
2010,0	1	22061	Binéfar	1	Leves	05	Trabajadores Autónomos
2010,0	1	22061	Binéfar	2	Graves o muy graves	01	General
2010,0	116	22112	Fraga	1	Leves	01	General
2010,0	7	22112	Fraga	1	Leves	05	Trabajadores Autónomos
2010,0	25	22112	Fraga	1	Leves	06	Especial Agrario Cuenta Ajena
2010,0	570	22125	Huesca	1	Leves	01	General
2010,0	8	22125	Huesca	1	Leves	05	Trabajadores Autónomos
2010,0	2	22125	Huesca	1	Leves	06	Especial Agrario Cuenta Ajena
2010,0	10	22125	Huesca	2	Graves o muy graves	01	General
2010,0	2	22125	Huesca	3	Mortales	01	General
2010,0	92	22130	Jaca	1	Leves	01	General
2010,0	2	22130	Jaca	1	Leves	05	Trabajadores Autónomos
2010,0	1	22130	Jaca	1	Leves	06	Especial Agrario Cuenta Ajena
2010,0	1	22130	Jaca	2	Graves o muy graves	01	General
2010,0	262	22158	Monzón	1	Leves	01	General
2010,0	4	22158	Monzón	1	Leves	05	Trabajadores Autónomos
2010,0	3	22158	Monzón	1	Leves	06	Especial Agrario Cuenta Ajena
2010,0	3	22158	Monzón	2	Graves o muy graves	01	General
2010,0	2	22158	Monzón	3	Mortales	01	General
2010,0	71	22199	Sabiñánigo	1	Leves	01	General
2010,0	2	22199	Sabiñánigo	1	Leves	05	Trabajadores Autónomos
2010,0	1	22199	Sabiñánigo	1	Leves	06	Especial Agrario Cuenta Ajena
2010,0	1	22199	Sabiñánigo	2	Graves o muy graves	01	General
2010,0	191	44013	Alcañiz	1	Leves	01	General
2010,0	6	44013	Alcañiz	1	Leves	05	Trabajadores Autónomos
2010,0	9	44013	Alcañiz	1	Leves	06	Especial Agrario Cuenta Ajena
2010,0	1	44013	Alcañiz	2	Graves o muy graves	01	General
2010,0	91	44025	Andorra	1	Leves	01	General
2010,0	2	44025	Andorra	1	Leves	05	Trabajadores Autónomos
2010,0	2	44025	Andorra	2	Graves o muy graves	01	General
2010,0	449	44216	Teruel	1	Leves	01	General
2010,0	8	44216	Teruel	1	Leves	05	Trabajadores Autónomos
2010,0	10	44216	Teruel	1	Leves	06	Especial Agrario Cuenta Ajena
2010,0	3	44216	Teruel	1	Leves	07	Especial Agrario Cuenta Propia
2010,0	1	44216	Teruel	2	Graves o muy graves	01	General
2010,0	3	44216	Teruel	3	Mortales	01	General
2010,0	108	50008	Alagón	1	Leves	01	General
2010,0	3	50008	Alagón	1	Leves	05	Trabajadores Autónomos
2010,0	1	50008	Alagón	2	Graves o muy graves	01	General
2010,0	71	50025	Almunia de Doña Godina (La)	1	Leves	01	General
2010,0	1	50025	Almunia de Doña Godina (La)	1	Leves	05	Trabajadores Autónomos
2010,0	11	50025	Almunia de Doña Godina (La)	1	Leves	06	Especial Agrario Cuenta Ajena
2010,0	1	50025	Almunia de Doña Godina (La)	2	Graves o muy graves	01	General
2010,0	157	50067	Calatayud	1	Leves	01	General
2010,0	3	50067	Calatayud	1	Leves	05	Trabajadores Autónomos
2010,0	4	50067	Calatayud	1	Leves	06	Especial Agrario Cuenta Ajena
2010,0	1	50067	Calatayud	3	Mortales	01	General
2010,0	63	50074	Caspe	1	Leves	01	General
2010,0	2	50074	Caspe	1	Leves	05	Trabajadores Autónomos
2010,0	15	50074	Caspe	1	Leves	06	Especial Agrario Cuenta Ajena
2010,0	1	50074	Caspe	2	Graves o muy graves	06	Especial Agrario Cuenta Ajena
2010,0	258	50089	Cuarte de Huerva	1	Leves	01	General
2010,0	1	50089	Cuarte de Huerva	1	Leves	05	Trabajadores Autónomos
2010,0	2	50089	Cuarte de Huerva	1	Leves	06	Especial Agrario Cuenta Ajena
2010,0	1	50089	Cuarte de Huerva	2	Graves o muy graves	01	General
2010,0	211	50095	Ejea de los Caballeros	1	Leves	01	General
2010,0	3	50095	Ejea de los Caballeros	1	Leves	05	Trabajadores Autónomos
2010,0	5	50095	Ejea de los Caballeros	1	Leves	06	Especial Agrario Cuenta Ajena
2010,0	1	50095	Ejea de los Caballeros	2	Graves o muy graves	01	General
2010,0	2	50095	Ejea de los Caballeros	3	Mortales	01	General
2010,0	38	50163	María de Huerva	1	Leves	01	General
2010,0	1	50163	María de Huerva	1	Leves	05	Trabajadores Autónomos
2010,0	1	50163	María de Huerva	1	Leves	06	Especial Agrario Cuenta Ajena
2010,0	1	50163	María de Huerva	2	Graves o muy graves	01	General
2010,0	198	50182	Muela (La)	1	Leves	01	General
2010,0	2	50182	Muela (La)	1	Leves	05	Trabajadores Autónomos
2010,0	1	50182	Muela (La)	1	Leves	06	Especial Agrario Cuenta Ajena
2010,0	240	50219	Puebla de Alfindén (La)	1	Leves	01	General
2010,0	4	50219	Puebla de Alfindén (La)	1	Leves	05	Trabajadores Autónomos
2010,0	2	50219	Puebla de Alfindén (La)	2	Graves o muy graves	01	General
2010,0	140	50251	Tarazona	1	Leves	01	General
2010,0	4	50251	Tarazona	1	Leves	05	Trabajadores Autónomos
2010,0	2	50251	Tarazona	1	Leves	06	Especial Agrario Cuenta Ajena
2010,0	100	50252	Tauste	1	Leves	01	General
2010,0	3	50252	Tauste	1	Leves	05	Trabajadores Autónomos
2010,0	6	50252	Tauste	1	Leves	06	Especial Agrario Cuenta Ajena
2010,0	1	50252	Tauste	1	Leves	07	Especial Agrario Cuenta Propia
2010,0	2	50252	Tauste	2	Graves o muy graves	06	Especial Agrario Cuenta Ajena
2010,0	174	50272	Utebo	1	Leves	01	General
2010,0	2	50272	Utebo	1	Leves	05	Trabajadores Autónomos
2010,0	2	50272	Utebo	1	Leves	06	Especial Agrario Cuenta Ajena
2010,0	1	50272	Utebo	2	Graves o muy graves	01	General
2010,0	6565	50297	Zaragoza	1	Leves	01	General
2010,0	80	50297	Zaragoza	1	Leves	05	Trabajadores Autónomos
2010,0	27	50297	Zaragoza	1	Leves	06	Especial Agrario Cuenta Ajena
2010,0	24	50297	Zaragoza	2	Graves o muy graves	01	General
2010,0	9	50297	Zaragoza	3	Mortales	01	General
2010,0	125	50298	Zuera	1	Leves	01	General
2010,0	2	50298	Zuera	1	Leves	05	Trabajadores Autónomos
2010,0	1	50298	Zuera	1	Leves	06	Especial Agrario Cuenta Ajena
2010,0	1	50298	Zuera	3	Mortales	01	General
2009,0	231	22048	Barbastro	1	Leves	01	General
2009,0	7	22048	Barbastro	1	Leves	05	Trabajadores Autónomos
2009,0	8	22048	Barbastro	1	Leves	06	Especial Agrario Cuenta Ajena
2009,0	1	22048	Barbastro	1	Leves	07	Especial Agrario Cuenta Propia
2009,0	1	22048	Barbastro	2	Graves o muy graves	01	General
2009,0	1	22048	Barbastro	3	Mortales	01	General
2009,0	140	22061	Binéfar	1	Leves	01	General
2009,0	1	22061	Binéfar	1	Leves	05	Trabajadores Autónomos
2009,0	2	22061	Binéfar	1	Leves	06	Especial Agrario Cuenta Ajena
2009,0	149	22112	Fraga	1	Leves	01	General
2009,0	2	22112	Fraga	1	Leves	05	Trabajadores Autónomos
2009,0	15	22112	Fraga	1	Leves	06	Especial Agrario Cuenta Ajena
2009,0	2	22112	Fraga	2	Graves o muy graves	01	General
2009,0	619	22125	Huesca	1	Leves	01	General
2009,0	3	22125	Huesca	1	Leves	05	Trabajadores Autónomos
2009,0	2	22125	Huesca	1	Leves	06	Especial Agrario Cuenta Ajena
2009,0	7	22125	Huesca	2	Graves o muy graves	01	General
2009,0	2	22125	Huesca	3	Mortales	01	General
2009,0	154	22130	Jaca	1	Leves	01	General
2009,0	2	22130	Jaca	1	Leves	05	Trabajadores Autónomos
2009,0	1	22130	Jaca	2	Graves o muy graves	01	General
2009,0	251	22158	Monzón	1	Leves	01	General
2009,0	3	22158	Monzón	1	Leves	05	Trabajadores Autónomos
2009,0	1	22158	Monzón	1	Leves	06	Especial Agrario Cuenta Ajena
2009,0	2	22158	Monzón	2	Graves o muy graves	01	General
2009,0	83	22199	Sabiñánigo	1	Leves	01	General
2009,0	1	22199	Sabiñánigo	1	Leves	05	Trabajadores Autónomos
2009,0	1	22199	Sabiñánigo	1	Leves	06	Especial Agrario Cuenta Ajena
2009,0	2	22199	Sabiñánigo	2	Graves o muy graves	01	General
2009,0	209	44013	Alcañiz	1	Leves	01	General
2009,0	3	44013	Alcañiz	1	Leves	05	Trabajadores Autónomos
2009,0	6	44013	Alcañiz	1	Leves	06	Especial Agrario Cuenta Ajena
2009,0	1	44013	Alcañiz	1	Leves	07	Especial Agrario Cuenta Propia
2009,0	1	44013	Alcañiz	2	Graves o muy graves	01	General
2009,0	118	44025	Andorra	1	Leves	01	General
2009,0	1	44025	Andorra	1	Leves	05	Trabajadores Autónomos
2009,0	1	44025	Andorra	2	Graves o muy graves	01	General
2009,0	429	44216	Teruel	1	Leves	01	General
2009,0	12	44216	Teruel	1	Leves	05	Trabajadores Autónomos
2009,0	4	44216	Teruel	1	Leves	06	Especial Agrario Cuenta Ajena
2009,0	1	44216	Teruel	1	Leves	07	Especial Agrario Cuenta Propia
2009,0	5	44216	Teruel	2	Graves o muy graves	01	General
2009,0	3	44216	Teruel	3	Mortales	01	General
2009,0	112	50008	Alagón	1	Leves	01	General
2009,0	1	50008	Alagón	1	Leves	05	Trabajadores Autónomos
2009,0	1	50008	Alagón	1	Leves	06	Especial Agrario Cuenta Ajena
2009,0	1	50008	Alagón	2	Graves o muy graves	01	General
2009,0	89	50025	Almunia de Doña Godina (La)	1	Leves	01	General
2009,0	3	50025	Almunia de Doña Godina (La)	1	Leves	05	Trabajadores Autónomos
2009,0	16	50025	Almunia de Doña Godina (La)	1	Leves	06	Especial Agrario Cuenta Ajena
2009,0	1	50025	Almunia de Doña Godina (La)	1	Leves	07	Especial Agrario Cuenta Propia
2009,0	1	50025	Almunia de Doña Godina (La)	2	Graves o muy graves	01	General
2009,0	165	50067	Calatayud	1	Leves	01	General
2009,0	2	50067	Calatayud	1	Leves	05	Trabajadores Autónomos
2009,0	3	50067	Calatayud	1	Leves	06	Especial Agrario Cuenta Ajena
2009,0	1	50067	Calatayud	2	Graves o muy graves	01	General
2009,0	93	50074	Caspe	1	Leves	01	General
2009,0	2	50074	Caspe	1	Leves	05	Trabajadores Autónomos
2009,0	14	50074	Caspe	1	Leves	06	Especial Agrario Cuenta Ajena
2009,0	1	50074	Caspe	2	Graves o muy graves	06	Especial Agrario Cuenta Ajena
2009,0	284	50089	Cuarte de Huerva	1	Leves	01	General
2009,0	2	50089	Cuarte de Huerva	1	Leves	05	Trabajadores Autónomos
2009,0	1	50089	Cuarte de Huerva	1	Leves	06	Especial Agrario Cuenta Ajena
2009,0	1	50089	Cuarte de Huerva	2	Graves o muy graves	01	General
2009,0	2	50089	Cuarte de Huerva	3	Mortales	01	General
2009,0	226	50095	Ejea de los Caballeros	1	Leves	01	General
2009,0	8	50095	Ejea de los Caballeros	1	Leves	05	Trabajadores Autónomos
2009,0	6	50095	Ejea de los Caballeros	1	Leves	06	Especial Agrario Cuenta Ajena
2009,0	3	50095	Ejea de los Caballeros	2	Graves o muy graves	01	General
2009,0	44	50163	María de Huerva	1	Leves	01	General
2009,0	2	50163	María de Huerva	1	Leves	05	Trabajadores Autónomos
2009,0	1	50163	María de Huerva	2	Graves o muy graves	01	General
2009,0	179	50182	Muela (La)	1	Leves	01	General
2009,0	1	50182	Muela (La)	1	Leves	05	Trabajadores Autónomos
2009,0	1	50182	Muela (La)	1	Leves	06	Especial Agrario Cuenta Ajena
2009,0	3	50182	Muela (La)	2	Graves o muy graves	01	General
2009,0	276	50219	Puebla de Alfindén (La)	1	Leves	01	General
2009,0	2	50219	Puebla de Alfindén (La)	1	Leves	05	Trabajadores Autónomos
2009,0	1	50219	Puebla de Alfindén (La)	3	Mortales	01	General
2009,0	130	50251	Tarazona	1	Leves	01	General
2009,0	1	50251	Tarazona	1	Leves	05	Trabajadores Autónomos
2009,0	2	50251	Tarazona	1	Leves	06	Especial Agrario Cuenta Ajena
2009,0	1	50251	Tarazona	1	Leves	07	Especial Agrario Cuenta Propia
2009,0	1	50251	Tarazona	2	Graves o muy graves	01	General
2009,0	128	50252	Tauste	1	Leves	01	General
2009,0	2	50252	Tauste	1	Leves	05	Trabajadores Autónomos
2009,0	211	50272	Utebo	1	Leves	01	General
2009,0	3	50272	Utebo	1	Leves	05	Trabajadores Autónomos
2009,0	8	50272	Utebo	1	Leves	06	Especial Agrario Cuenta Ajena
2009,0	3	50272	Utebo	2	Graves o muy graves	01	General
2009,0	6935	50297	Zaragoza	1	Leves	01	General
2009,0	70	50297	Zaragoza	1	Leves	05	Trabajadores Autónomos
2009,0	21	50297	Zaragoza	1	Leves	06	Especial Agrario Cuenta Ajena
2009,0	49	50297	Zaragoza	2	Graves o muy graves	01	General
2009,0	13	50297	Zaragoza	3	Mortales	01	General
2009,0	150	50298	Zuera	1	Leves	01	General
2009,0	4	50298	Zuera	1	Leves	05	Trabajadores Autónomos
2009,0	1	50298	Zuera	1	Leves	06	Especial Agrario Cuenta Ajena
2009,0	1	50298	Zuera	2	Graves o muy graves	01	General
2008,0	309	22048	Barbastro	1	Leves	01	General
2008,0	1	22048	Barbastro	1	Leves	05	Trabajadores Autónomos
2008,0	8	22048	Barbastro	1	Leves	06	Especial Agrario Cuenta Ajena
2008,0	1	22048	Barbastro	1	Leves	07	Especial Agrario Cuenta Propia
2008,0	2	22048	Barbastro	2	Graves o muy graves	01	General
2008,0	242	22061	Binéfar	1	Leves	01	General
2008,0	1	22061	Binéfar	1	Leves	05	Trabajadores Autónomos
2008,0	1	22061	Binéfar	1	Leves	06	Especial Agrario Cuenta Ajena
2008,0	3	22061	Binéfar	2	Graves o muy graves	01	General
2008,0	1	22061	Binéfar	3	Mortales	01	General
2008,0	250	22112	Fraga	1	Leves	01	General
2008,0	6	22112	Fraga	1	Leves	05	Trabajadores Autónomos
2008,0	24	22112	Fraga	1	Leves	06	Especial Agrario Cuenta Ajena
2008,0	2	22112	Fraga	2	Graves o muy graves	01	General
2008,0	850	22125	Huesca	1	Leves	01	General
2008,0	6	22125	Huesca	1	Leves	05	Trabajadores Autónomos
2008,0	1	22125	Huesca	1	Leves	06	Especial Agrario Cuenta Ajena
2008,0	3	22125	Huesca	2	Graves o muy graves	01	General
2008,0	1	22125	Huesca	2	Graves o muy graves	07	Especial Agrario Cuenta Propia
2008,0	181	22130	Jaca	1	Leves	01	General
2008,0	4	22130	Jaca	1	Leves	05	Trabajadores Autónomos
2008,0	1	22130	Jaca	1	Leves	06	Especial Agrario Cuenta Ajena
2008,0	2	22130	Jaca	2	Graves o muy graves	01	General
2008,0	385	22158	Monzón	1	Leves	01	General
2008,0	4	22158	Monzón	1	Leves	05	Trabajadores Autónomos
2008,0	1	22158	Monzón	1	Leves	06	Especial Agrario Cuenta Ajena
2008,0	2	22158	Monzón	2	Graves o muy graves	01	General
2008,0	120	22199	Sabiñánigo	1	Leves	01	General
2008,0	1	22199	Sabiñánigo	1	Leves	05	Trabajadores Autónomos
2008,0	2	22199	Sabiñánigo	2	Graves o muy graves	01	General
2008,0	259	44013	Alcañiz	1	Leves	01	General
2008,0	3	44013	Alcañiz	1	Leves	05	Trabajadores Autónomos
2008,0	5	44013	Alcañiz	1	Leves	06	Especial Agrario Cuenta Ajena
2008,0	2	44013	Alcañiz	1	Leves	07	Especial Agrario Cuenta Propia
2008,0	1	44013	Alcañiz	3	Mortales	01	General
2008,0	130	44025	Andorra	1	Leves	01	General
2008,0	1	44025	Andorra	1	Leves	05	Trabajadores Autónomos
2008,0	1	44025	Andorra	1	Leves	07	Especial Agrario Cuenta Propia
2008,0	2	44025	Andorra	3	Mortales	01	General
2008,0	512	44216	Teruel	1	Leves	01	General
2008,0	10	44216	Teruel	1	Leves	05	Trabajadores Autónomos
2008,0	2	44216	Teruel	1	Leves	06	Especial Agrario Cuenta Ajena
2008,0	1	44216	Teruel	1	Leves	07	Especial Agrario Cuenta Propia
2008,0	4	44216	Teruel	2	Graves o muy graves	01	General
2008,0	2	44216	Teruel	3	Mortales	01	General
2008,0	148	50008	Alagón	1	Leves	01	General
2008,0	5	50008	Alagón	1	Leves	06	Especial Agrario Cuenta Ajena
2008,0	1	50008	Alagón	2	Graves o muy graves	05	Trabajadores Autónomos
2008,0	110	50025	Almunia de Doña Godina (La)	1	Leves	01	General
2008,0	1	50025	Almunia de Doña Godina (La)	1	Leves	05	Trabajadores Autónomos
2008,0	13	50025	Almunia de Doña Godina (La)	1	Leves	06	Especial Agrario Cuenta Ajena
2008,0	1	50025	Almunia de Doña Godina (La)	1	Leves	07	Especial Agrario Cuenta Propia
2008,0	1	50025	Almunia de Doña Godina (La)	2	Graves o muy graves	01	General
2008,0	305	50067	Calatayud	1	Leves	01	General
2008,0	2	50067	Calatayud	1	Leves	05	Trabajadores Autónomos
2008,0	5	50067	Calatayud	1	Leves	06	Especial Agrario Cuenta Ajena
2008,0	1	50067	Calatayud	3	Mortales	01	General
2008,0	101	50074	Caspe	1	Leves	01	General
2008,0	17	50074	Caspe	1	Leves	06	Especial Agrario Cuenta Ajena
2008,0	1	50074	Caspe	2	Graves o muy graves	01	General
2008,0	440	50089	Cuarte de Huerva	1	Leves	01	General
2008,0	1	50089	Cuarte de Huerva	1	Leves	05	Trabajadores Autónomos
2008,0	1	50089	Cuarte de Huerva	1	Leves	06	Especial Agrario Cuenta Ajena
2008,0	2	50089	Cuarte de Huerva	2	Graves o muy graves	01	General
2008,0	345	50095	Ejea de los Caballeros	1	Leves	01	General
2008,0	4	50095	Ejea de los Caballeros	1	Leves	05	Trabajadores Autónomos
2008,0	5	50095	Ejea de los Caballeros	1	Leves	06	Especial Agrario Cuenta Ajena
2008,0	1	50095	Ejea de los Caballeros	2	Graves o muy graves	01	General
2008,0	1	50095	Ejea de los Caballeros	3	Mortales	01	General
2008,0	78	50163	María de Huerva	1	Leves	01	General
2008,0	1	50163	María de Huerva	1	Leves	05	Trabajadores Autónomos
2008,0	3	50163	María de Huerva	2	Graves o muy graves	01	General
2008,0	271	50182	Muela (La)	1	Leves	01	General
2008,0	1	50182	Muela (La)	1	Leves	05	Trabajadores Autónomos
2008,0	1	50182	Muela (La)	1	Leves	06	Especial Agrario Cuenta Ajena
2008,0	451	50219	Puebla de Alfindén (La)	1	Leves	01	General
2008,0	2	50219	Puebla de Alfindén (La)	1	Leves	05	Trabajadores Autónomos
2008,0	1	50219	Puebla de Alfindén (La)	1	Leves	06	Especial Agrario Cuenta Ajena
2008,0	1	50219	Puebla de Alfindén (La)	2	Graves o muy graves	01	General
2008,0	1	50219	Puebla de Alfindén (La)	3	Mortales	01	General
2008,0	242	50251	Tarazona	1	Leves	01	General
2008,0	7	50251	Tarazona	1	Leves	05	Trabajadores Autónomos
2008,0	1	50251	Tarazona	1	Leves	07	Especial Agrario Cuenta Propia
2008,0	1	50251	Tarazona	2	Graves o muy graves	01	General
2008,0	152	50252	Tauste	1	Leves	01	General
2008,0	1	50252	Tauste	1	Leves	05	Trabajadores Autónomos
2008,0	3	50252	Tauste	1	Leves	06	Especial Agrario Cuenta Ajena
2008,0	1	50252	Tauste	1	Leves	07	Especial Agrario Cuenta Propia
2008,0	1	50252	Tauste	2	Graves o muy graves	01	General
2008,0	1	50252	Tauste	2	Graves o muy graves	05	Trabajadores Autónomos
2008,0	1	50252	Tauste	3	Mortales	01	General
2008,0	328	50272	Utebo	1	Leves	01	General
2008,0	3	50272	Utebo	1	Leves	05	Trabajadores Autónomos
2008,0	5	50272	Utebo	1	Leves	06	Especial Agrario Cuenta Ajena
2008,0	2	50272	Utebo	2	Graves o muy graves	01	General
2008,0	1	50272	Utebo	3	Mortales	01	General
2008,0	10045	50297	Zaragoza	1	Leves	01	General
2008,0	90	50297	Zaragoza	1	Leves	05	Trabajadores Autónomos
2008,0	21	50297	Zaragoza	1	Leves	06	Especial Agrario Cuenta Ajena
2008,0	3	50297	Zaragoza	1	Leves	07	Especial Agrario Cuenta Propia
2008,0	49	50297	Zaragoza	2	Graves o muy graves	01	General
2008,0	1	50297	Zaragoza	2	Graves o muy graves	05	Trabajadores Autónomos
2008,0	9	50297	Zaragoza	3	Mortales	01	General
2008,0	217	50298	Zuera	1	Leves	01	General
2008,0	1	50298	Zuera	1	Leves	05	Trabajadores Autónomos
2008,0	1	50298	Zuera	1	Leves	06	Especial Agrario Cuenta Ajena
2008,0	1	50298	Zuera	2	Graves o muy graves	01	General
2008,0	1	50298	Zuera	3	Mortales	01	General
2007,0	315	22048	Barbastro	1	Leves	01	General
2007,0	1	22048	Barbastro	1	Leves	05	Trabajadores Autónomos
2007,0	12	22048	Barbastro	1	Leves	06	Especial Agrario Cuenta Ajena
2007,0	3	22048	Barbastro	2	Graves o muy graves	01	General
2007,0	1	22048	Barbastro	3	Mortales	01	General
2007,0	289	22061	Binéfar	1	Leves	01	General
2007,0	1	22061	Binéfar	1	Leves	05	Trabajadores Autónomos
2007,0	1	22061	Binéfar	2	Graves o muy graves	01	General
2007,0	299	22112	Fraga	1	Leves	01	General
2007,0	17	22112	Fraga	1	Leves	06	Especial Agrario Cuenta Ajena
2007,0	2	22112	Fraga	1	Leves	07	Especial Agrario Cuenta Propia
2007,0	5	22112	Fraga	2	Graves o muy graves	01	General
2007,0	1	22112	Fraga	3	Mortales	01	General
2007,0	1038	22125	Huesca	1	Leves	01	General
2007,0	2	22125	Huesca	1	Leves	05	Trabajadores Autónomos
2007,0	1	22125	Huesca	1	Leves	06	Especial Agrario Cuenta Ajena
2007,0	6	22125	Huesca	2	Graves o muy graves	01	General
2007,0	1	22125	Huesca	3	Mortales	01	General
2007,0	178	22130	Jaca	1	Leves	01	General
2007,0	2	22130	Jaca	1	Leves	06	Especial Agrario Cuenta Ajena
2007,0	3	22130	Jaca	2	Graves o muy graves	01	General
2007,0	1	22130	Jaca	3	Mortales	01	General
2007,0	353	22158	Monzón	1	Leves	01	General
2007,0	3	22158	Monzón	1	Leves	05	Trabajadores Autónomos
2007,0	2	22158	Monzón	1	Leves	06	Especial Agrario Cuenta Ajena
2007,0	4	22158	Monzón	2	Graves o muy graves	01	General
2007,0	1	22158	Monzón	3	Mortales	01	General
2007,0	134	22199	Sabiñánigo	1	Leves	01	General
2007,0	2	22199	Sabiñánigo	2	Graves o muy graves	01	General
2007,0	311	44013	Alcañiz	1	Leves	01	General
2007,0	3	44013	Alcañiz	1	Leves	06	Especial Agrario Cuenta Ajena
2007,0	2	44013	Alcañiz	1	Leves	07	Especial Agrario Cuenta Propia
2007,0	2	44013	Alcañiz	2	Graves o muy graves	01	General
2007,0	1	44013	Alcañiz	2	Graves o muy graves	07	Especial Agrario Cuenta Propia
2007,0	119	44025	Andorra	1	Leves	01	General
2007,0	8	44025	Andorra	1	Leves	09	Especial Minería del Carbón
2007,0	527	44216	Teruel	1	Leves	01	General
2007,0	5	44216	Teruel	1	Leves	05	Trabajadores Autónomos
2007,0	4	44216	Teruel	1	Leves	06	Especial Agrario Cuenta Ajena
2007,0	2	44216	Teruel	1	Leves	07	Especial Agrario Cuenta Propia
2007,0	5	44216	Teruel	2	Graves o muy graves	01	General
2007,0	4	44216	Teruel	3	Mortales	01	General
2007,0	167	50008	Alagón	1	Leves	01	General
2007,0	7	50008	Alagón	1	Leves	06	Especial Agrario Cuenta Ajena
2007,0	1	50008	Alagón	1	Leves	07	Especial Agrario Cuenta Propia
2007,0	1	50008	Alagón	2	Graves o muy graves	01	General
2007,0	132	50025	Almunia de Doña Godina (La)	1	Leves	01	General
2007,0	2	50025	Almunia de Doña Godina (La)	1	Leves	05	Trabajadores Autónomos
2007,0	14	50025	Almunia de Doña Godina (La)	1	Leves	06	Especial Agrario Cuenta Ajena
2007,0	1	50025	Almunia de Doña Godina (La)	1	Leves	07	Especial Agrario Cuenta Propia
2007,0	1	50025	Almunia de Doña Godina (La)	2	Graves o muy graves	01	General
2007,0	1	50025	Almunia de Doña Godina (La)	2	Graves o muy graves	06	Especial Agrario Cuenta Ajena
2007,0	353	50067	Calatayud	1	Leves	01	General
2007,0	1	50067	Calatayud	1	Leves	05	Trabajadores Autónomos
2007,0	2	50067	Calatayud	1	Leves	06	Especial Agrario Cuenta Ajena
2007,0	1	50067	Calatayud	1	Leves	07	Especial Agrario Cuenta Propia
2007,0	2	50067	Calatayud	2	Graves o muy graves	01	General
2007,0	1	50067	Calatayud	3	Mortales	06	Especial Agrario Cuenta Ajena
2007,0	101	50074	Caspe	1	Leves	01	General
2007,0	30	50074	Caspe	1	Leves	06	Especial Agrario Cuenta Ajena
2007,0	1	50074	Caspe	2	Graves o muy graves	01	General
2007,0	483	50089	Cuarte de Huerva	1	Leves	01	General
2007,0	1	50089	Cuarte de Huerva	1	Leves	05	Trabajadores Autónomos
2007,0	8	50089	Cuarte de Huerva	2	Graves o muy graves	01	General
2007,0	394	50095	Ejea de los Caballeros	1	Leves	01	General
2007,0	2	50095	Ejea de los Caballeros	1	Leves	05	Trabajadores Autónomos
2007,0	4	50095	Ejea de los Caballeros	1	Leves	06	Especial Agrario Cuenta Ajena
2007,0	2	50095	Ejea de los Caballeros	1	Leves	07	Especial Agrario Cuenta Propia
2007,0	1	50095	Ejea de los Caballeros	3	Mortales	01	General
2007,0	1	50095	Ejea de los Caballeros	3	Mortales	06	Especial Agrario Cuenta Ajena
2007,0	92	50163	María de Huerva	1	Leves	01	General
2007,0	299	50182	Muela (La)	1	Leves	01	General
2007,0	1	50182	Muela (La)	1	Leves	05	Trabajadores Autónomos
2007,0	5	50182	Muela (La)	2	Graves o muy graves	01	General
2007,0	1	50182	Muela (La)	3	Mortales	01	General
2007,0	598	50219	Puebla de Alfindén (La)	1	Leves	01	General
2007,0	1	50219	Puebla de Alfindén (La)	1	Leves	06	Especial Agrario Cuenta Ajena
2007,0	7	50219	Puebla de Alfindén (La)	2	Graves o muy graves	01	General
2007,0	275	50251	Tarazona	1	Leves	01	General
2007,0	2	50251	Tarazona	1	Leves	05	Trabajadores Autónomos
2007,0	2	50251	Tarazona	1	Leves	07	Especial Agrario Cuenta Propia
2007,0	1	50251	Tarazona	2	Graves o muy graves	01	General
2007,0	186	50252	Tauste	1	Leves	01	General
2007,0	1	50252	Tauste	1	Leves	05	Trabajadores Autónomos
2007,0	4	50252	Tauste	1	Leves	06	Especial Agrario Cuenta Ajena
2007,0	2	50252	Tauste	2	Graves o muy graves	01	General
2007,0	408	50272	Utebo	1	Leves	01	General
2007,0	2	50272	Utebo	1	Leves	05	Trabajadores Autónomos
2007,0	3	50272	Utebo	2	Graves o muy graves	01	General
2007,0	10664	50297	Zaragoza	1	Leves	01	General
2007,0	62	50297	Zaragoza	1	Leves	05	Trabajadores Autónomos
2007,0	28	50297	Zaragoza	1	Leves	06	Especial Agrario Cuenta Ajena
2007,0	5	50297	Zaragoza	1	Leves	07	Especial Agrario Cuenta Propia
2007,0	1	50297	Zaragoza	1	Leves	09	Especial Minería del Carbón
2007,0	59	50297	Zaragoza	2	Graves o muy graves	01	General
2007,0	3	50297	Zaragoza	2	Graves o muy graves	05	Trabajadores Autónomos
2007,0	11	50297	Zaragoza	3	Mortales	01	General
2007,0	235	50298	Zuera	1	Leves	01	General
2007,0	3	50298	Zuera	1	Leves	05	Trabajadores Autónomos
2007,0	1	50298	Zuera	1	Leves	07	Especial Agrario Cuenta Propia
2007,0	3	50298	Zuera	2	Graves o muy graves	01	General
2006,0	286	22048	Barbastro	1	Leves	01	General
2006,0	8	22048	Barbastro	1	Leves	06	Especial Agrario Cuenta Ajena
2006,0	218	22061	Binéfar	1	Leves	01	General
2006,0	1	22061	Binéfar	2	Graves o muy graves	01	General
2006,0	296	22112	Fraga	1	Leves	01	General
2006,0	1	22112	Fraga	1	Leves	05	Trabajadores Autónomos
2006,0	30	22112	Fraga	1	Leves	06	Especial Agrario Cuenta Ajena
2006,0	1014	22125	Huesca	1	Leves	01	General
2006,0	1	22125	Huesca	1	Leves	05	Trabajadores Autónomos
2006,0	2	22125	Huesca	1	Leves	06	Especial Agrario Cuenta Ajena
2006,0	10	22125	Huesca	2	Graves o muy graves	01	General
2006,0	2	22125	Huesca	3	Mortales	01	General
2006,0	236	22130	Jaca	1	Leves	01	General
2006,0	2	22130	Jaca	1	Leves	05	Trabajadores Autónomos
2006,0	2	22130	Jaca	1	Leves	06	Especial Agrario Cuenta Ajena
2006,0	1	22130	Jaca	1	Leves	07	Especial Agrario Cuenta Propia
2006,0	4	22130	Jaca	2	Graves o muy graves	01	General
2006,0	1	22130	Jaca	3	Mortales	01	General
2006,0	340	22158	Monzón	1	Leves	01	General
2006,0	3	22158	Monzón	1	Leves	05	Trabajadores Autónomos
2006,0	2	22158	Monzón	2	Graves o muy graves	01	General
2006,0	1	22158	Monzón	2	Graves o muy graves	05	Trabajadores Autónomos
2006,0	1	22158	Monzón	2	Graves o muy graves	06	Especial Agrario Cuenta Ajena
2006,0	132	22199	Sabiñánigo	1	Leves	01	General
2006,0	2	22199	Sabiñánigo	1	Leves	06	Especial Agrario Cuenta Ajena
2006,0	2	22199	Sabiñánigo	2	Graves o muy graves	01	General
2006,0	284	44013	Alcañiz	1	Leves	01	General
2006,0	1	44013	Alcañiz	1	Leves	05	Trabajadores Autónomos
2006,0	1	44013	Alcañiz	1	Leves	06	Especial Agrario Cuenta Ajena
2006,0	3	44013	Alcañiz	1	Leves	07	Especial Agrario Cuenta Propia
2006,0	1	44013	Alcañiz	3	Mortales	01	General
2006,0	117	44025	Andorra	1	Leves	01	General
2006,0	1	44025	Andorra	1	Leves	05	Trabajadores Autónomos
2006,0	8	44025	Andorra	1	Leves	09	Especial Minería del Carbón
2006,0	1	44025	Andorra	3	Mortales	01	General
2006,0	448	44216	Teruel	1	Leves	01	General
2006,0	4	44216	Teruel	1	Leves	05	Trabajadores Autónomos
2006,0	4	44216	Teruel	1	Leves	06	Especial Agrario Cuenta Ajena
2006,0	3	44216	Teruel	1	Leves	07	Especial Agrario Cuenta Propia
2006,0	3	44216	Teruel	2	Graves o muy graves	01	General
2006,0	2	44216	Teruel	3	Mortales	01	General
2006,0	190	50008	Alagón	1	Leves	01	General
2006,0	5	50008	Alagón	1	Leves	06	Especial Agrario Cuenta Ajena
2006,0	134	50025	Almunia de Doña Godina (La)	1	Leves	01	General
2006,0	2	50025	Almunia de Doña Godina (La)	1	Leves	05	Trabajadores Autónomos
2006,0	20	50025	Almunia de Doña Godina (La)	1	Leves	06	Especial Agrario Cuenta Ajena
2006,0	1	50025	Almunia de Doña Godina (La)	1	Leves	07	Especial Agrario Cuenta Propia
2006,0	3	50025	Almunia de Doña Godina (La)	2	Graves o muy graves	01	General
2006,0	1	50025	Almunia de Doña Godina (La)	2	Graves o muy graves	06	Especial Agrario Cuenta Ajena
2006,0	272	50067	Calatayud	1	Leves	01	General
2006,0	1	50067	Calatayud	1	Leves	05	Trabajadores Autónomos
2006,0	1	50067	Calatayud	1	Leves	06	Especial Agrario Cuenta Ajena
2006,0	3	50067	Calatayud	1	Leves	07	Especial Agrario Cuenta Propia
2006,0	1	50067	Calatayud	2	Graves o muy graves	01	General
2006,0	1	50067	Calatayud	3	Mortales	01	General
2006,0	128	50074	Caspe	1	Leves	01	General
2006,0	18	50074	Caspe	1	Leves	06	Especial Agrario Cuenta Ajena
2006,0	2	50074	Caspe	1	Leves	07	Especial Agrario Cuenta Propia
2006,0	1	50074	Caspe	2	Graves o muy graves	01	General
2006,0	491	50089	Cuarte de Huerva	1	Leves	01	General
2006,0	1	50089	Cuarte de Huerva	1	Leves	06	Especial Agrario Cuenta Ajena
2006,0	4	50089	Cuarte de Huerva	2	Graves o muy graves	01	General
2006,0	391	50095	Ejea de los Caballeros	1	Leves	01	General
2006,0	1	50095	Ejea de los Caballeros	1	Leves	05	Trabajadores Autónomos
2006,0	13	50095	Ejea de los Caballeros	1	Leves	06	Especial Agrario Cuenta Ajena
2006,0	3	50095	Ejea de los Caballeros	1	Leves	07	Especial Agrario Cuenta Propia
2006,0	1	50095	Ejea de los Caballeros	2	Graves o muy graves	01	General
2006,0	100	50163	María de Huerva	1	Leves	01	General
2006,0	1	50163	María de Huerva	1	Leves	05	Trabajadores Autónomos
2006,0	1	50163	María de Huerva	1	Leves	07	Especial Agrario Cuenta Propia
2006,0	274	50182	Muela (La)	1	Leves	01	General
2006,0	3	50182	Muela (La)	2	Graves o muy graves	01	General
2006,0	464	50219	Puebla de Alfindén (La)	1	Leves	01	General
2006,0	3	50219	Puebla de Alfindén (La)	1	Leves	05	Trabajadores Autónomos
2006,0	1	50219	Puebla de Alfindén (La)	1	Leves	06	Especial Agrario Cuenta Ajena
2006,0	3	50219	Puebla de Alfindén (La)	2	Graves o muy graves	01	General
2006,0	1	50219	Puebla de Alfindén (La)	3	Mortales	01	General
2006,0	243	50251	Tarazona	1	Leves	01	General
2006,0	1	50251	Tarazona	1	Leves	05	Trabajadores Autónomos
2006,0	1	50251	Tarazona	1	Leves	07	Especial Agrario Cuenta Propia
2006,0	179	50252	Tauste	1	Leves	01	General
2006,0	6	50252	Tauste	1	Leves	06	Especial Agrario Cuenta Ajena
2006,0	2	50252	Tauste	2	Graves o muy graves	01	General
2006,0	411	50272	Utebo	1	Leves	01	General
2006,0	2	50272	Utebo	1	Leves	05	Trabajadores Autónomos
2006,0	3	50272	Utebo	1	Leves	06	Especial Agrario Cuenta Ajena
2006,0	4	50272	Utebo	2	Graves o muy graves	01	General
2006,0	1	50272	Utebo	2	Graves o muy graves	05	Trabajadores Autónomos
2006,0	10003	50297	Zaragoza	1	Leves	01	General
2006,0	55	50297	Zaragoza	1	Leves	05	Trabajadores Autónomos
2006,0	31	50297	Zaragoza	1	Leves	06	Especial Agrario Cuenta Ajena
2006,0	6	50297	Zaragoza	1	Leves	07	Especial Agrario Cuenta Propia
2006,0	62	50297	Zaragoza	2	Graves o muy graves	01	General
2006,0	2	50297	Zaragoza	2	Graves o muy graves	05	Trabajadores Autónomos
2006,0	17	50297	Zaragoza	3	Mortales	01	General
2006,0	209	50298	Zuera	1	Leves	01	General
2006,0	1	50298	Zuera	1	Leves	06	Especial Agrario Cuenta Ajena
2006,0	2	50298	Zuera	2	Graves o muy graves	01	General
2005,0	231	22048	Barbastro	1	Leves	01	General
2005,0	1	22048	Barbastro	1	Leves	05	Trabajadores Autónomos
2005,0	9	22048	Barbastro	1	Leves	06	Especial Agrario Cuenta Ajena
2005,0	1	22048	Barbastro	2	Graves o muy graves	01	General
2005,0	1	22048	Barbastro	2	Graves o muy graves	06	Especial Agrario Cuenta Ajena
2005,0	1	22048	Barbastro	3	Mortales	01	General
2005,0	219	22061	Binéfar	1	Leves	01	General
2005,0	2	22061	Binéfar	1	Leves	06	Especial Agrario Cuenta Ajena
2005,0	2	22061	Binéfar	2	Graves o muy graves	01	General
2005,0	250	22112	Fraga	1	Leves	01	General
2005,0	1	22112	Fraga	1	Leves	05	Trabajadores Autónomos
2005,0	14	22112	Fraga	1	Leves	06	Especial Agrario Cuenta Ajena
2005,0	5	22112	Fraga	2	Graves o muy graves	01	General
2005,0	2	22112	Fraga	2	Graves o muy graves	06	Especial Agrario Cuenta Ajena
2005,0	935	22125	Huesca	1	Leves	01	General
2005,0	3	22125	Huesca	1	Leves	05	Trabajadores Autónomos
2005,0	4	22125	Huesca	1	Leves	06	Especial Agrario Cuenta Ajena
2005,0	1	22125	Huesca	1	Leves	07	Especial Agrario Cuenta Propia
2005,0	13	22125	Huesca	2	Graves o muy graves	01	General
2005,0	248	22130	Jaca	1	Leves	01	General
2005,0	2	22130	Jaca	1	Leves	06	Especial Agrario Cuenta Ajena
2005,0	2	22130	Jaca	2	Graves o muy graves	01	General
2005,0	1	22130	Jaca	3	Mortales	01	General
2005,0	274	22158	Monzón	1	Leves	01	General
2005,0	4	22158	Monzón	2	Graves o muy graves	01	General
2005,0	2	22158	Monzón	3	Mortales	01	General
2005,0	120	22199	Sabiñánigo	1	Leves	01	General
2005,0	1	22199	Sabiñánigo	1	Leves	06	Especial Agrario Cuenta Ajena
2005,0	1	22199	Sabiñánigo	3	Mortales	01	General
2005,0	277	44013	Alcañiz	1	Leves	01	General
2005,0	3	44013	Alcañiz	1	Leves	05	Trabajadores Autónomos
2005,0	5	44013	Alcañiz	1	Leves	06	Especial Agrario Cuenta Ajena
2005,0	2	44013	Alcañiz	1	Leves	07	Especial Agrario Cuenta Propia
2005,0	4	44013	Alcañiz	2	Graves o muy graves	01	General
2005,0	1	44013	Alcañiz	3	Mortales	01	General
2005,0	84	44025	Andorra	1	Leves	01	General
2005,0	1	44025	Andorra	1	Leves	05	Trabajadores Autónomos
2005,0	10	44025	Andorra	1	Leves	09	Especial Minería del Carbón
2005,0	3	44025	Andorra	2	Graves o muy graves	01	General
2005,0	2	44025	Andorra	3	Mortales	01	General
2005,0	437	44216	Teruel	1	Leves	01	General
2005,0	4	44216	Teruel	1	Leves	05	Trabajadores Autónomos
2005,0	5	44216	Teruel	1	Leves	06	Especial Agrario Cuenta Ajena
2005,0	2	44216	Teruel	1	Leves	07	Especial Agrario Cuenta Propia
2005,0	5	44216	Teruel	2	Graves o muy graves	01	General
2005,0	145	50008	Alagón	1	Leves	01	General
2005,0	1	50008	Alagón	1	Leves	05	Trabajadores Autónomos
2005,0	5	50008	Alagón	1	Leves	06	Especial Agrario Cuenta Ajena
2005,0	1	50008	Alagón	3	Mortales	01	General
2005,0	125	50025	Almunia de Doña Godina (La)	1	Leves	01	General
2005,0	15	50025	Almunia de Doña Godina (La)	1	Leves	06	Especial Agrario Cuenta Ajena
2005,0	1	50025	Almunia de Doña Godina (La)	1	Leves	07	Especial Agrario Cuenta Propia
2005,0	3	50025	Almunia de Doña Godina (La)	2	Graves o muy graves	01	General
2005,0	1	50025	Almunia de Doña Godina (La)	2	Graves o muy graves	07	Especial Agrario Cuenta Propia
2005,0	255	50067	Calatayud	1	Leves	01	General
2005,0	1	50067	Calatayud	1	Leves	05	Trabajadores Autónomos
2005,0	2	50067	Calatayud	1	Leves	06	Especial Agrario Cuenta Ajena
2005,0	3	50067	Calatayud	1	Leves	07	Especial Agrario Cuenta Propia
2005,0	154	50074	Caspe	1	Leves	01	General
2005,0	22	50074	Caspe	1	Leves	06	Especial Agrario Cuenta Ajena
2005,0	3	50074	Caspe	1	Leves	07	Especial Agrario Cuenta Propia
2005,0	1	50074	Caspe	2	Graves o muy graves	01	General
2005,0	1	50074	Caspe	2	Graves o muy graves	07	Especial Agrario Cuenta Propia
2005,0	462	50089	Cuarte de Huerva	1	Leves	01	General
2005,0	1	50089	Cuarte de Huerva	2	Graves o muy graves	01	General
2005,0	3	50089	Cuarte de Huerva	3	Mortales	01	General
2005,0	403	50095	Ejea de los Caballeros	1	Leves	01	General
2005,0	17	50095	Ejea de los Caballeros	1	Leves	06	Especial Agrario Cuenta Ajena
2005,0	1	50095	Ejea de los Caballeros	1	Leves	07	Especial Agrario Cuenta Propia
2005,0	3	50095	Ejea de los Caballeros	2	Graves o muy graves	01	General
2005,0	75	50163	María de Huerva	1	Leves	01	General
2005,0	1	50163	María de Huerva	1	Leves	06	Especial Agrario Cuenta Ajena
2005,0	2	50163	María de Huerva	2	Graves o muy graves	01	General
2005,0	257	50182	Muela (La)	1	Leves	01	General
2005,0	1	50182	Muela (La)	2	Graves o muy graves	01	General
2005,0	440	50219	Puebla de Alfindén (La)	1	Leves	01	General
2005,0	3	50219	Puebla de Alfindén (La)	1	Leves	05	Trabajadores Autónomos
2005,0	2	50219	Puebla de Alfindén (La)	1	Leves	07	Especial Agrario Cuenta Propia
2005,0	3	50219	Puebla de Alfindén (La)	2	Graves o muy graves	01	General
2005,0	161	50251	Tarazona	1	Leves	01	General
2005,0	1	50251	Tarazona	1	Leves	05	Trabajadores Autónomos
2005,0	1	50251	Tarazona	1	Leves	06	Especial Agrario Cuenta Ajena
2005,0	2	50251	Tarazona	2	Graves o muy graves	01	General
2005,0	1	50251	Tarazona	3	Mortales	01	General
2005,0	171	50252	Tauste	1	Leves	01	General
2005,0	3	50252	Tauste	1	Leves	05	Trabajadores Autónomos
2005,0	12	50252	Tauste	1	Leves	06	Especial Agrario Cuenta Ajena
2005,0	1	50252	Tauste	2	Graves o muy graves	01	General
2005,0	1	50252	Tauste	2	Graves o muy graves	06	Especial Agrario Cuenta Ajena
2005,0	376	50272	Utebo	1	Leves	01	General
2005,0	3	50272	Utebo	1	Leves	05	Trabajadores Autónomos
2005,0	8	50272	Utebo	1	Leves	06	Especial Agrario Cuenta Ajena
2005,0	3	50272	Utebo	2	Graves o muy graves	01	General
2005,0	9621	50297	Zaragoza	1	Leves	01	General
2005,0	29	50297	Zaragoza	1	Leves	05	Trabajadores Autónomos
2005,0	26	50297	Zaragoza	1	Leves	06	Especial Agrario Cuenta Ajena
2005,0	1	50297	Zaragoza	1	Leves	09	Especial Minería del Carbón
2005,0	56	50297	Zaragoza	2	Graves o muy graves	01	General
2005,0	2	50297	Zaragoza	2	Graves o muy graves	05	Trabajadores Autónomos
2005,0	2	50297	Zaragoza	2	Graves o muy graves	07	Especial Agrario Cuenta Propia
2005,0	13	50297	Zaragoza	3	Mortales	01	General
2005,0	174	50298	Zuera	1	Leves	01	General
2005,0	1	50298	Zuera	1	Leves	05	Trabajadores Autónomos
2005,0	1	50298	Zuera	1	Leves	06	Especial Agrario Cuenta Ajena
2005,0	1	50298	Zuera	2	Graves o muy graves	01	General
2005,0	1	50298	Zuera	3	Mortales	01	General
2004,0	240	22048	Barbastro	1	Leves	01	General
2004,0	11	22048	Barbastro	1	Leves	06	Especial Agrario Cuenta Ajena
2004,0	2	22048	Barbastro	2	Graves o muy graves	01	General
2004,0	1	22048	Barbastro	3	Mortales	01	General
2004,0	205	22061	Binéfar	1	Leves	01	General
2004,0	1	22061	Binéfar	1	Leves	05	Trabajadores Autónomos
2004,0	1	22061	Binéfar	2	Graves o muy graves	01	General
2004,0	1	22061	Binéfar	3	Mortales	01	General
2004,0	205	22112	Fraga	1	Leves	01	General
2004,0	7	22112	Fraga	1	Leves	06	Especial Agrario Cuenta Ajena
2004,0	2	22112	Fraga	2	Graves o muy graves	01	General
2004,0	1	22112	Fraga	3	Mortales	01	General
2004,0	841	22125	Huesca	1	Leves	01	General
2004,0	3	22125	Huesca	1	Leves	05	Trabajadores Autónomos
2004,0	4	22125	Huesca	1	Leves	06	Especial Agrario Cuenta Ajena
2004,0	9	22125	Huesca	2	Graves o muy graves	01	General
2004,0	2	22125	Huesca	3	Mortales	01	General
2004,0	177	22130	Jaca	1	Leves	01	General
2004,0	1	22130	Jaca	1	Leves	05	Trabajadores Autónomos
2004,0	4	22130	Jaca	2	Graves o muy graves	01	General
2004,0	3	22130	Jaca	3	Mortales	01	General
2004,0	267	22158	Monzón	1	Leves	01	General
2004,0	1	22158	Monzón	1	Leves	05	Trabajadores Autónomos
2004,0	4	22158	Monzón	1	Leves	06	Especial Agrario Cuenta Ajena
2004,0	6	22158	Monzón	2	Graves o muy graves	01	General
2004,0	2	22158	Monzón	3	Mortales	01	General
2004,0	113	22199	Sabiñánigo	1	Leves	01	General
2004,0	2	22199	Sabiñánigo	2	Graves o muy graves	01	General
2004,0	200	44013	Alcañiz	1	Leves	01	General
2004,0	3	44013	Alcañiz	1	Leves	06	Especial Agrario Cuenta Ajena
2004,0	3	44013	Alcañiz	1	Leves	07	Especial Agrario Cuenta Propia
2004,0	5	44013	Alcañiz	2	Graves o muy graves	01	General
2004,0	1	44013	Alcañiz	2	Graves o muy graves	06	Especial Agrario Cuenta Ajena
2004,0	1	44013	Alcañiz	2	Graves o muy graves	07	Especial Agrario Cuenta Propia
2004,0	2	44013	Alcañiz	3	Mortales	01	General
2004,0	85	44025	Andorra	1	Leves	01	General
2004,0	2	44025	Andorra	1	Leves	05	Trabajadores Autónomos
2004,0	1	44025	Andorra	1	Leves	07	Especial Agrario Cuenta Propia
2004,0	16	44025	Andorra	1	Leves	09	Especial Minería del Carbón
2004,0	1	44025	Andorra	2	Graves o muy graves	01	General
2004,0	411	44216	Teruel	1	Leves	01	General
2004,0	4	44216	Teruel	1	Leves	05	Trabajadores Autónomos
2004,0	4	44216	Teruel	1	Leves	06	Especial Agrario Cuenta Ajena
2004,0	1	44216	Teruel	1	Leves	07	Especial Agrario Cuenta Propia
2004,0	7	44216	Teruel	2	Graves o muy graves	01	General
2004,0	1	44216	Teruel	3	Mortales	01	General
2004,0	177	50008	Alagón	1	Leves	01	General
2004,0	1	50008	Alagón	1	Leves	05	Trabajadores Autónomos
2004,0	8	50008	Alagón	1	Leves	06	Especial Agrario Cuenta Ajena
2004,0	1	50008	Alagón	1	Leves	07	Especial Agrario Cuenta Propia
2004,0	1	50008	Alagón	2	Graves o muy graves	01	General
2004,0	113	50025	Almunia de Doña Godina (La)	1	Leves	01	General
2004,0	9	50025	Almunia de Doña Godina (La)	1	Leves	06	Especial Agrario Cuenta Ajena
2004,0	2	50025	Almunia de Doña Godina (La)	1	Leves	07	Especial Agrario Cuenta Propia
2004,0	303	50067	Calatayud	1	Leves	01	General
2004,0	1	50067	Calatayud	1	Leves	05	Trabajadores Autónomos
2004,0	2	50067	Calatayud	1	Leves	06	Especial Agrario Cuenta Ajena
2004,0	3	50067	Calatayud	2	Graves o muy graves	01	General
2004,0	2	50067	Calatayud	3	Mortales	01	General
2004,0	156	50074	Caspe	1	Leves	01	General
2004,0	17	50074	Caspe	1	Leves	06	Especial Agrario Cuenta Ajena
2004,0	1	50074	Caspe	1	Leves	07	Especial Agrario Cuenta Propia
2004,0	415	50089	Cuarte de Huerva	1	Leves	01	General
2004,0	4	50089	Cuarte de Huerva	2	Graves o muy graves	01	General
2004,0	1	50089	Cuarte de Huerva	3	Mortales	01	General
2004,0	328	50095	Ejea de los Caballeros	1	Leves	01	General
2004,0	1	50095	Ejea de los Caballeros	1	Leves	05	Trabajadores Autónomos
2004,0	9	50095	Ejea de los Caballeros	1	Leves	06	Especial Agrario Cuenta Ajena
2004,0	1	50095	Ejea de los Caballeros	1	Leves	07	Especial Agrario Cuenta Propia
2004,0	3	50095	Ejea de los Caballeros	2	Graves o muy graves	01	General
2004,0	1	50095	Ejea de los Caballeros	2	Graves o muy graves	07	Especial Agrario Cuenta Propia
2004,0	100	50163	María de Huerva	1	Leves	01	General
2004,0	2	50163	María de Huerva	2	Graves o muy graves	01	General
2004,0	192	50182	Muela (La)	1	Leves	01	General
2004,0	432	50219	Puebla de Alfindén (La)	1	Leves	01	General
2004,0	2	50219	Puebla de Alfindén (La)	2	Graves o muy graves	01	General
2004,0	240	50251	Tarazona	1	Leves	01	General
2004,0	2	50251	Tarazona	2	Graves o muy graves	01	General
2004,0	168	50252	Tauste	1	Leves	01	General
2004,0	6	50252	Tauste	1	Leves	06	Especial Agrario Cuenta Ajena
2004,0	2	50252	Tauste	2	Graves o muy graves	01	General
2004,0	1	50252	Tauste	3	Mortales	01	General
2004,0	414	50272	Utebo	1	Leves	01	General
2004,0	1	50272	Utebo	1	Leves	05	Trabajadores Autónomos
2004,0	3	50272	Utebo	1	Leves	06	Especial Agrario Cuenta Ajena
2004,0	4	50272	Utebo	2	Graves o muy graves	01	General
2004,0	9129	50297	Zaragoza	1	Leves	01	General
2004,0	31	50297	Zaragoza	1	Leves	05	Trabajadores Autónomos
2004,0	30	50297	Zaragoza	1	Leves	06	Especial Agrario Cuenta Ajena
2004,0	1	50297	Zaragoza	1	Leves	07	Especial Agrario Cuenta Propia
2004,0	2	50297	Zaragoza	1	Leves	09	Especial Minería del Carbón
2004,0	84	50297	Zaragoza	2	Graves o muy graves	01	General
2004,0	2	50297	Zaragoza	2	Graves o muy graves	06	Especial Agrario Cuenta Ajena
2004,0	1	50297	Zaragoza	2	Graves o muy graves	07	Especial Agrario Cuenta Propia
2004,0	16	50297	Zaragoza	3	Mortales	01	General
2004,0	169	50298	Zuera	1	Leves	01	General
2004,0	1	50298	Zuera	1	Leves	05	Trabajadores Autónomos
2004,0	2	50298	Zuera	1	Leves	06	Especial Agrario Cuenta Ajena
2004,0	1	50298	Zuera	2	Graves o muy graves	01	General
2003,0	260	22048	Barbastro	1	Leves	01	General
2003,0	5	22048	Barbastro	1	Leves	06	Especial Agrario Cuenta Ajena
2003,0	1	22048	Barbastro	1	Leves	07	Especial Agrario Cuenta Propia
2003,0	4	22048	Barbastro	2	Graves o muy graves	01	General
2003,0	1	22048	Barbastro	3	Mortales	01	General
2003,0	201	22061	Binéfar	1	Leves	01	General
2003,0	2	22061	Binéfar	1	Leves	06	Especial Agrario Cuenta Ajena
2003,0	2	22061	Binéfar	2	Graves o muy graves	01	General
2003,0	1	22061	Binéfar	3	Mortales	01	General
2003,0	235	22112	Fraga	1	Leves	01	General
2003,0	31	22112	Fraga	1	Leves	06	Especial Agrario Cuenta Ajena
2003,0	2	22112	Fraga	2	Graves o muy graves	01	General
2003,0	1	22112	Fraga	3	Mortales	01	General
2003,0	908	22125	Huesca	1	Leves	01	General
2003,0	4	22125	Huesca	1	Leves	06	Especial Agrario Cuenta Ajena
2003,0	1	22125	Huesca	1	Leves	07	Especial Agrario Cuenta Propia
2003,0	11	22125	Huesca	2	Graves o muy graves	01	General
2003,0	1	22125	Huesca	3	Mortales	01	General
2003,0	177	22130	Jaca	1	Leves	01	General
2003,0	1	22130	Jaca	1	Leves	06	Especial Agrario Cuenta Ajena
2003,0	5	22130	Jaca	2	Graves o muy graves	01	General
2003,0	1	22130	Jaca	3	Mortales	01	General
2003,0	275	22158	Monzón	1	Leves	01	General
2003,0	1	22158	Monzón	1	Leves	06	Especial Agrario Cuenta Ajena
2003,0	2	22158	Monzón	2	Graves o muy graves	01	General
2003,0	86	22199	Sabiñánigo	1	Leves	01	General
2003,0	1	22199	Sabiñánigo	2	Graves o muy graves	01	General
2003,0	262	44013	Alcañiz	1	Leves	01	General
2003,0	2	44013	Alcañiz	1	Leves	06	Especial Agrario Cuenta Ajena
2003,0	1	44013	Alcañiz	1	Leves	07	Especial Agrario Cuenta Propia
2003,0	4	44013	Alcañiz	2	Graves o muy graves	01	General
2003,0	2	44013	Alcañiz	3	Mortales	01	General
2003,0	127	44025	Andorra	1	Leves	01	General
2003,0	1	44025	Andorra	1	Leves	06	Especial Agrario Cuenta Ajena
2003,0	27	44025	Andorra	1	Leves	09	Especial Minería del Carbón
2003,0	1	44025	Andorra	2	Graves o muy graves	01	General
2003,0	515	44216	Teruel	1	Leves	01	General
2003,0	3	44216	Teruel	1	Leves	06	Especial Agrario Cuenta Ajena
2003,0	1	44216	Teruel	1	Leves	09	Especial Minería del Carbón
2003,0	12	44216	Teruel	2	Graves o muy graves	01	General
2003,0	2	44216	Teruel	3	Mortales	01	General
2003,0	157	50008	Alagón	1	Leves	01	General
2003,0	3	50008	Alagón	1	Leves	06	Especial Agrario Cuenta Ajena
2003,0	2	50008	Alagón	2	Graves o muy graves	01	General
2003,0	113	50025	Almunia de Doña Godina (La)	1	Leves	01	General
2003,0	6	50025	Almunia de Doña Godina (La)	1	Leves	06	Especial Agrario Cuenta Ajena
2003,0	2	50025	Almunia de Doña Godina (La)	1	Leves	07	Especial Agrario Cuenta Propia
2003,0	1	50025	Almunia de Doña Godina (La)	2	Graves o muy graves	06	Especial Agrario Cuenta Ajena
2003,0	282	50067	Calatayud	1	Leves	01	General
2003,0	4	50067	Calatayud	1	Leves	06	Especial Agrario Cuenta Ajena
2003,0	2	50067	Calatayud	1	Leves	07	Especial Agrario Cuenta Propia
2003,0	3	50067	Calatayud	2	Graves o muy graves	01	General
2003,0	1	50067	Calatayud	3	Mortales	01	General
2003,0	105	50074	Caspe	1	Leves	01	General
2003,0	14	50074	Caspe	1	Leves	06	Especial Agrario Cuenta Ajena
2003,0	370	50089	Cuarte de Huerva	1	Leves	01	General
2003,0	6	50089	Cuarte de Huerva	2	Graves o muy graves	01	General
2003,0	328	50095	Ejea de los Caballeros	1	Leves	01	General
2003,0	6	50095	Ejea de los Caballeros	1	Leves	06	Especial Agrario Cuenta Ajena
2003,0	3	50095	Ejea de los Caballeros	1	Leves	07	Especial Agrario Cuenta Propia
2003,0	2	50095	Ejea de los Caballeros	2	Graves o muy graves	01	General
2003,0	2	50095	Ejea de los Caballeros	2	Graves o muy graves	07	Especial Agrario Cuenta Propia
2003,0	1	50095	Ejea de los Caballeros	3	Mortales	01	General
2003,0	94	50163	María de Huerva	1	Leves	01	General
2003,0	123	50182	Muela (La)	1	Leves	01	General
2003,0	2	50182	Muela (La)	2	Graves o muy graves	01	General
2003,0	408	50219	Puebla de Alfindén (La)	1	Leves	01	General
2003,0	5	50219	Puebla de Alfindén (La)	2	Graves o muy graves	01	General
2003,0	297	50251	Tarazona	1	Leves	01	General
2003,0	2	50251	Tarazona	1	Leves	06	Especial Agrario Cuenta Ajena
2003,0	1	50251	Tarazona	2	Graves o muy graves	01	General
2003,0	1	50251	Tarazona	2	Graves o muy graves	07	Especial Agrario Cuenta Propia
2003,0	159	50252	Tauste	1	Leves	01	General
2003,0	1	50252	Tauste	1	Leves	06	Especial Agrario Cuenta Ajena
2003,0	3	50252	Tauste	2	Graves o muy graves	01	General
2003,0	413	50272	Utebo	1	Leves	01	General
2003,0	1	50272	Utebo	1	Leves	06	Especial Agrario Cuenta Ajena
2003,0	4	50272	Utebo	2	Graves o muy graves	01	General
2003,0	9212	50297	Zaragoza	1	Leves	01	General
2003,0	23	50297	Zaragoza	1	Leves	06	Especial Agrario Cuenta Ajena
2003,0	1	50297	Zaragoza	1	Leves	07	Especial Agrario Cuenta Propia
2003,0	77	50297	Zaragoza	2	Graves o muy graves	01	General
2003,0	5	50297	Zaragoza	3	Mortales	01	General
2003,0	156	50298	Zuera	1	Leves	01	General
2003,0	2	50298	Zuera	1	Leves	06	Especial Agrario Cuenta Ajena
2003,0	1	50298	Zuera	1	Leves	07	Especial Agrario Cuenta Propia
2003,0	1	50298	Zuera	2	Graves o muy graves	01	General