Comarca código	Comarca nombre	Año	Orden	Siglas	Votos
01	La Jacetania	2007	1	PSOE	4214,0
01	La Jacetania	2007	2	PP	2092,0
01	La Jacetania	2007	3	PAR	1822,0
01	La Jacetania	2007	4	CHA	1111,0
01	La Jacetania	2007	5	IU	20,0
01	La Jacetania	2007	9	CDL	190,0
01	La Jacetania	2007	28	LV	74,0
01	La Jacetania	2007	34	AESCSB	48,0
01	La Jacetania	2011	1	PP	3130,0
01	La Jacetania	2011	2	PSOE	3487,0
01	La Jacetania	2011	3	PAR	1530,0
01	La Jacetania	2011	4	CHA	996,0
01	La Jacetania	2011	5	IU	305,0
01	La Jacetania	2011	9	ECOLO	48,0
01	La Jacetania	2011	11	PACMA	56,0
01	La Jacetania	2011	12	CDL	86,0
01	La Jacetania	2011	36	PYLN	29,0
01	La Jacetania	2015	1	PP	50,0
01	La Jacetania	2015	2	PSOE	42,0
01	La Jacetania	2015	4	C's	300,0
01	La Jacetania	2015	5	PAR	1005,0
01	La Jacetania	2015	6	PSOE	3639,0
01	La Jacetania	2015	7	CHA	227,0
01	La Jacetania	2015	8	PP	2090,0
01	La Jacetania	2015	13	ARAGONSIPUEDE	343,0
01	La Jacetania	2015	21	PAR	46,0
01	La Jacetania	2015	24	CHA	807,0
01	La Jacetania	2015	35	CAMBIAR	605,0
01	La Jacetania	2015	91	CAMBIAR ARTIEDA-PUYALÓN DE CUCHAS	15,0
02	Alto Gállego	2007	1	PSOE	2759,0
02	Alto Gállego	2007	2	PP	1300,0
02	Alto Gállego	2007	3	PAR	1695,0
02	Alto Gállego	2007	4	CHA	696,0
02	Alto Gállego	2007	5	IU	796,0
02	Alto Gállego	2011	1	PP	1652,0
02	Alto Gállego	2011	2	PSOE	2464,0
02	Alto Gállego	2011	3	PAR	2025,0
02	Alto Gállego	2011	4	CHA	571,0
02	Alto Gállego	2011	5	IU	426,0
02	Alto Gállego	2015	4	C's	89,0
02	Alto Gállego	2015	5	PAR	1986,0
02	Alto Gállego	2015	6	PSOE	2325,0
02	Alto Gállego	2015	7	CHA	32,0
02	Alto Gállego	2015	8	PP	1323,0
02	Alto Gállego	2015	24	CHA	341,0
02	Alto Gállego	2015	34	CAMBIAR	748,0
03	Sobrarbe	2007	1	PSOE	2372,0
03	Sobrarbe	2007	2	PP	1422,0
03	Sobrarbe	2007	3	PAR	618,0
03	Sobrarbe	2007	4	CHA	830,0
03	Sobrarbe	2007	41	FV	15,0
03	Sobrarbe	2011	1	PP	1336,0
03	Sobrarbe	2011	2	PSOE	2206,0
03	Sobrarbe	2011	3	PAR	815,0
03	Sobrarbe	2011	4	CHA	563,0
03	Sobrarbe	2011	5	IU	132,0
03	Sobrarbe	2015	5	PAR	672,0
03	Sobrarbe	2015	6	PSOE	2073,0
03	Sobrarbe	2015	7	CHA	402,0
03	Sobrarbe	2015	8	PP	1015,0
03	Sobrarbe	2015	60	CAMBIAR	173,0
03	Sobrarbe	2015	73	AeF	91,0
03	Sobrarbe	2015	80	AGRUPACION DE ELECTORES SAN JUAN DE PLAN	53,0
04	La Ribagorza	2007	1	PSOE	3408,0
04	La Ribagorza	2007	2	PP	1904,0
04	La Ribagorza	2007	3	PAR	1754,0
04	La Ribagorza	2007	4	CHA	609,0
04	La Ribagorza	2007	5	IU	100,0
04	La Ribagorza	2007	13	LV-GV	15,0
04	La Ribagorza	2007	32	AE	51,0
04	La Ribagorza	2011	1	PP	2172,0
04	La Ribagorza	2011	2	PSOE	2709,0
04	La Ribagorza	2011	3	PAR	2080,0
04	La Ribagorza	2011	4	CHA	367,0
04	La Ribagorza	2011	5	IU	145,0
04	La Ribagorza	2011	20	CDF	76,0
04	La Ribagorza	2011	28	AELEF	63,0
04	La Ribagorza	2011	33	CCD	40,0
04	La Ribagorza	2015	4	C's	102,0
04	La Ribagorza	2015	5	PAR	1760,0
04	La Ribagorza	2015	6	PSOE	2186,0
04	La Ribagorza	2015	7	CHA	103,0
04	La Ribagorza	2015	8	PP	2188,0
04	La Ribagorza	2015	13	ARAGONSIPUEDE	439,0
04	La Ribagorza	2015	70	CAMBIAR	107,0
05	Cinco Villas	2007	1	PSOE	8224,0
05	Cinco Villas	2007	2	PP	4404,0
05	Cinco Villas	2007	3	PAR	3153,0
05	Cinco Villas	2007	4	CHA	781,0
05	Cinco Villas	2007	5	IU	1093,0
05	Cinco Villas	2007	6	LV-FIA	159,0
05	Cinco Villas	2007	35	AIL	42,0
05	Cinco Villas	2011	1	PP	5903,0
05	Cinco Villas	2011	2	PSOE	7481,0
05	Cinco Villas	2011	3	PAR	2175,0
05	Cinco Villas	2011	4	CHA	827,0
05	Cinco Villas	2011	5	IU	1215,0
05	Cinco Villas	2011	15	TA	1,0
05	Cinco Villas	2011	25	AISOS	73,0
05	Cinco Villas	2015	1	PP	4619,0
05	Cinco Villas	2015	2	PSOE	6012,0
05	Cinco Villas	2015	7	CHA	943,0
05	Cinco Villas	2015	8	PP	513,0
05	Cinco Villas	2015	12	COMPROMISO CON ARAGON	116,0
05	Cinco Villas	2015	17	IU-ZGZ	289,0
05	Cinco Villas	2015	19	PSOE	1376,0
05	Cinco Villas	2015	21	PAR	1163,0
05	Cinco Villas	2015	25	EPC-ZGZ	1207,0
05	Cinco Villas	2015	44	FIA	0,0
05	Cinco Villas	2015	81	AE EL FRAGO	50,0
05	Cinco Villas	2015	87	UCIN	26,0
05	Cinco Villas	2015	89	GANAR-ZRZ	22,0
06	Hoya de Huesca / Plana de Uesca	2007	1	PSOE	12905,0
06	Hoya de Huesca / Plana de Uesca	2007	2	PP	10575,0
06	Hoya de Huesca / Plana de Uesca	2007	3	PAR	4276,0
06	Hoya de Huesca / Plana de Uesca	2007	4	CHA	2994,0
06	Hoya de Huesca / Plana de Uesca	2007	5	IU	1433,0
06	Hoya de Huesca / Plana de Uesca	2007	13	LV-GV	753,0
06	Hoya de Huesca / Plana de Uesca	2007	16	PFYV	45,0
06	Hoya de Huesca / Plana de Uesca	2007	25	A.E.S.	100,0
06	Hoya de Huesca / Plana de Uesca	2007	26	AI	91,0
06	Hoya de Huesca / Plana de Uesca	2007	43	AIEADO	9,0
06	Hoya de Huesca / Plana de Uesca	2011	1	PP	12439,0
06	Hoya de Huesca / Plana de Uesca	2011	2	PSOE	11115,0
06	Hoya de Huesca / Plana de Uesca	2011	3	PAR	3995,0
06	Hoya de Huesca / Plana de Uesca	2011	4	CHA	2421,0
06	Hoya de Huesca / Plana de Uesca	2011	5	IU	1698,0
06	Hoya de Huesca / Plana de Uesca	2011	6	UPyD	564,0
06	Hoya de Huesca / Plana de Uesca	2011	8	FIA	83,0
06	Hoya de Huesca / Plana de Uesca	2011	9	ECOLO	914,0
06	Hoya de Huesca / Plana de Uesca	2011	17	AES	183,0
06	Hoya de Huesca / Plana de Uesca	2011	29	ECOLO VERDES	53,0
06	Hoya de Huesca / Plana de Uesca	2011	34	UCE	15,0
06	Hoya de Huesca / Plana de Uesca	2015	1	PP	56,0
06	Hoya de Huesca / Plana de Uesca	2015	2	PSOE	8,0
06	Hoya de Huesca / Plana de Uesca	2015	4	C's	2354,0
06	Hoya de Huesca / Plana de Uesca	2015	5	PAR	2602,0
06	Hoya de Huesca / Plana de Uesca	2015	6	PSOE	9488,0
06	Hoya de Huesca / Plana de Uesca	2015	7	CHA	1469,0
06	Hoya de Huesca / Plana de Uesca	2015	8	PP	10793,0
06	Hoya de Huesca / Plana de Uesca	2015	9	UPyD	227,0
06	Hoya de Huesca / Plana de Uesca	2015	10	EB	229,0
06	Hoya de Huesca / Plana de Uesca	2015	13	ARAGONSIPUEDE	2196,0
06	Hoya de Huesca / Plana de Uesca	2015	15	CAMBIAR	3336,0
06	Hoya de Huesca / Plana de Uesca	2015	21	PAR	97,0
06	Hoya de Huesca / Plana de Uesca	2015	28	FIA	206,0
06	Hoya de Huesca / Plana de Uesca	2015	63	A.E.G.	148,0
06	Hoya de Huesca / Plana de Uesca	2015	71	CAMBIAR	104,0
06	Hoya de Huesca / Plana de Uesca	2015	78	AE MURILLO DE GALLEGO	63,0
07	Somontano de Barbastro	2007	1	PSOE	6536,0
07	Somontano de Barbastro	2007	2	PP	3750,0
07	Somontano de Barbastro	2007	3	PAR	1028,0
07	Somontano de Barbastro	2007	4	CHA	1729,0
07	Somontano de Barbastro	2007	5	IU	520,0
07	Somontano de Barbastro	2007	13	LV-GV	35,0
07	Somontano de Barbastro	2007	20	AEI-CP	184,0
07	Somontano de Barbastro	2007	42	AE NAVAL-MI	11,0
07	Somontano de Barbastro	2011	1	PP	4909,0
07	Somontano de Barbastro	2011	2	PSOE	5725,0
07	Somontano de Barbastro	2011	3	PAR	1475,0
07	Somontano de Barbastro	2011	4	CHA	694,0
07	Somontano de Barbastro	2011	5	IU	687,0
07	Somontano de Barbastro	2011	8	FIA	6,0
07	Somontano de Barbastro	2011	9	ECOLO	34,0
07	Somontano de Barbastro	2011	37	A E NAVAL-MIPANAS	15,0
07	Somontano de Barbastro	2015	4	C's	849,0
07	Somontano de Barbastro	2015	5	PAR	1590,0
07	Somontano de Barbastro	2015	6	PSOE	5245,0
07	Somontano de Barbastro	2015	7	CHA	483,0
07	Somontano de Barbastro	2015	8	PP	3447,0
07	Somontano de Barbastro	2015	13	ARAGONSIPUEDE	334,0
07	Somontano de Barbastro	2015	36	CAMBIAR	601,0
07	Somontano de Barbastro	2015	47	C.P.Btro	327,0
07	Somontano de Barbastro	2015	65	CAMBIAR	143,0
07	Somontano de Barbastro	2015	83	CAMBIAR	43,0
08	Cinca Medio	2007	1	PSOE	5222,0
08	Cinca Medio	2007	2	PP	4469,0
08	Cinca Medio	2007	3	PAR	1555,0
08	Cinca Medio	2007	4	CHA	575,0
08	Cinca Medio	2007	5	IU	73,0
08	Cinca Medio	2007	10	IU-A	678,0
08	Cinca Medio	2011	1	PP	4185,0
08	Cinca Medio	2011	2	PSOE	4106,0
08	Cinca Medio	2011	3	PAR	2063,0
08	Cinca Medio	2011	4	CHA	553,0
08	Cinca Medio	2011	5	IU	852,0
08	Cinca Medio	2011	8	FIA	299,0
08	Cinca Medio	2015	4	C's	530,0
08	Cinca Medio	2015	5	PAR	1986,0
08	Cinca Medio	2015	6	PSOE	3960,0
08	Cinca Medio	2015	7	CHA	467,0
08	Cinca Medio	2015	8	PP	3010,0
08	Cinca Medio	2015	10	EB	282,0
08	Cinca Medio	2015	23	CAMBIAR	1244,0
08	Cinca Medio	2015	76	CAMBIAR	76,0
09	La Litera / La Llitera	2007	1	PSOE	4984,0
09	La Litera / La Llitera	2007	2	PP	2575,0
09	La Litera / La Llitera	2007	3	PAR	1563,0
09	La Litera / La Llitera	2007	4	CHA	621,0
09	La Litera / La Llitera	2007	10	IU-A	265,0
09	La Litera / La Llitera	2011	1	PP	3349,0
09	La Litera / La Llitera	2011	2	PSOE	4291,0
09	La Litera / La Llitera	2011	3	PAR	1588,0
09	La Litera / La Llitera	2011	4	CHA	474,0
09	La Litera / La Llitera	2011	5	IU	227,0
09	La Litera / La Llitera	2015	4	C's	113,0
09	La Litera / La Llitera	2015	5	PAR	915,0
09	La Litera / La Llitera	2015	6	PSOE	4135,0
09	La Litera / La Llitera	2015	7	CHA	245,0
09	La Litera / La Llitera	2015	8	PP	2532,0
09	La Litera / La Llitera	2015	24	CHA	43,0
09	La Litera / La Llitera	2015	31	CAMBIAR	924,0
09	La Litera / La Llitera	2015	68	CAMBIAR	124,0
09	La Litera / La Llitera	2015	85	CAMBIAR	42,0
10	Los Monegros	2007	1	PSOE	5809,0
10	Los Monegros	2007	2	PP	3231,0
10	Los Monegros	2007	3	PAR	3597,0
10	Los Monegros	2007	4	CHA	1063,0
10	Los Monegros	2007	5	IU	96,0
10	Los Monegros	2007	18	P.S.	236,0
10	Los Monegros	2007	27	I.E.I.	79,0
10	Los Monegros	2007	33	A AL	50,0
10	Los Monegros	2011	1	PP	3923,0
10	Los Monegros	2011	2	PSOE	5248,0
10	Los Monegros	2011	3	PAR	3235,0
10	Los Monegros	2011	4	CHA	799,0
10	Los Monegros	2011	5	IU	169,0
10	Los Monegros	2011	7	COMPROMISO CON ARAGON	40,0
10	Los Monegros	2011	8	FIA	48,0
10	Los Monegros	2011	24	A E I POLEÑINO	94,0
10	Los Monegros	2015	1	PP	701,0
10	Los Monegros	2015	2	PSOE	1214,0
10	Los Monegros	2015	5	PAR	2392,0
10	Los Monegros	2015	6	PSOE	3810,0
10	Los Monegros	2015	7	CHA	486,0
10	Los Monegros	2015	8	PP	2681,0
10	Los Monegros	2015	13	ARAGONSIPUEDE	109,0
10	Los Monegros	2015	67	A.I.E.V.I.	129,0
10	Los Monegros	2015	69	CAMBIAR	115,0
10	Los Monegros	2015	82	CAMBIAR	48,0
11	Bajo Cinca / Baix Cinca	2007	1	PSOE	5846,0
11	Bajo Cinca / Baix Cinca	2007	2	PP	3702,0
11	Bajo Cinca / Baix Cinca	2007	3	PAR	2124,0
11	Bajo Cinca / Baix Cinca	2007	4	CHA	276,0
11	Bajo Cinca / Baix Cinca	2007	5	IU	416,0
11	Bajo Cinca / Baix Cinca	2007	19	ALCIVI	233,0
11	Bajo Cinca / Baix Cinca	2011	1	PP	4265,0
11	Bajo Cinca / Baix Cinca	2011	2	PSOE	5213,0
11	Bajo Cinca / Baix Cinca	2011	3	PAR	1994,0
11	Bajo Cinca / Baix Cinca	2011	4	CHA	137,0
11	Bajo Cinca / Baix Cinca	2011	5	IU	129,0
11	Bajo Cinca / Baix Cinca	2011	20	CDF	205,0
11	Bajo Cinca / Baix Cinca	2015	4	C's	489,0
11	Bajo Cinca / Baix Cinca	2015	5	PAR	1517,0
11	Bajo Cinca / Baix Cinca	2015	6	PSOE	4590,0
11	Bajo Cinca / Baix Cinca	2015	7	CHA	67,0
11	Bajo Cinca / Baix Cinca	2015	8	PP	3421,0
11	Bajo Cinca / Baix Cinca	2015	13	ARAGONSIPUEDE	419,0
11	Bajo Cinca / Baix Cinca	2015	42	CXF	446,0
11	Bajo Cinca / Baix Cinca	2015	50	CAMBIAR	284,0
12	Tarazona y el Moncayo	2007	1	PSOE	3088,0
12	Tarazona y el Moncayo	2007	2	PP	3786,0
12	Tarazona y el Moncayo	2007	3	PAR	903,0
12	Tarazona y el Moncayo	2007	4	CHA	534,0
12	Tarazona y el Moncayo	2007	5	IU	19,0
12	Tarazona y el Moncayo	2007	14	CC-IU	563,0
12	Tarazona y el Moncayo	2011	1	PP	4165,0
12	Tarazona y el Moncayo	2011	2	PSOE	2558,0
12	Tarazona y el Moncayo	2011	3	PAR	572,0
12	Tarazona y el Moncayo	2011	4	CHA	565,0
12	Tarazona y el Moncayo	2011	5	IU	738,0
12	Tarazona y el Moncayo	2011	7	COMPROMISO CON ARAGON	88,0
12	Tarazona y el Moncayo	2011	34	UCE	6,0
12	Tarazona y el Moncayo	2015	1	PP	4192,0
12	Tarazona y el Moncayo	2015	2	PSOE	2087,0
12	Tarazona y el Moncayo	2015	4	C's	418,0
12	Tarazona y el Moncayo	2015	5	PAR	271,0
12	Tarazona y el Moncayo	2015	7	CHA	51,0
12	Tarazona y el Moncayo	2015	12	COMPROMISO CON ARAGON	8,0
12	Tarazona y el Moncayo	2015	29	ZGZ	1106,0
12	Tarazona y el Moncayo	2015	72	IU	9,0
13	Campo de Borja	2007	1	PSOE	4766,0
13	Campo de Borja	2007	2	PP	1611,0
13	Campo de Borja	2007	3	PAR	2052,0
13	Campo de Borja	2007	4	CHA	847,0
13	Campo de Borja	2011	1	PP	2515,0
13	Campo de Borja	2011	2	PSOE	4502,0
13	Campo de Borja	2011	3	PAR	1339,0
13	Campo de Borja	2011	4	CHA	606,0
13	Campo de Borja	2011	5	IU	42,0
13	Campo de Borja	2011	34	UCE	10,0
13	Campo de Borja	2015	1	PP	2033,0
13	Campo de Borja	2015	2	PSOE	3364,0
13	Campo de Borja	2015	5	PAR	920,0
13	Campo de Borja	2015	7	CHA	608,0
13	Campo de Borja	2015	12	COMPROMISO CON ARAGON	18,0
13	Campo de Borja	2015	13	ARAGONSIPUEDE	148,0
13	Campo de Borja	2015	38	POR MALLEN	551,0
13	Campo de Borja	2015	48	IU-ZGZ	307,0
14	Aranda	2007	1	PSOE	1692,0
14	Aranda	2007	2	PP	1058,0
14	Aranda	2007	3	PAR	1427,0
14	Aranda	2007	4	CHA	462,0
14	Aranda	2007	5	IU	60,0
14	Aranda	2011	1	PP	1432,0
14	Aranda	2011	2	PSOE	1336,0
14	Aranda	2011	3	PAR	1353,0
14	Aranda	2011	4	CHA	335,0
14	Aranda	2011	5	IU	47,0
14	Aranda	2011	31	INDEPENDIENTE CALCENA	43,0
14	Aranda	2015	1	PP	551,0
14	Aranda	2015	2	PSOE	446,0
14	Aranda	2015	5	PAR	753,0
14	Aranda	2015	6	PSOE	819,0
14	Aranda	2015	7	CHA	381,0
14	Aranda	2015	8	PP	1004,0
14	Aranda	2015	44	FIA	109,0
14	Aranda	2015	86	IU-ZGZ	37,0
15	Ribera Alta del Ebro	2007	1	PSOE	6682,0
15	Ribera Alta del Ebro	2007	2	PP	2952,0
15	Ribera Alta del Ebro	2007	3	PAR	2900,0
15	Ribera Alta del Ebro	2007	4	CHA	1600,0
15	Ribera Alta del Ebro	2007	5	IU	644,0
15	Ribera Alta del Ebro	2007	6	LV-FIA	49,0
15	Ribera Alta del Ebro	2011	1	PP	3938,0
15	Ribera Alta del Ebro	2011	2	PSOE	5900,0
15	Ribera Alta del Ebro	2011	3	PAR	2750,0
15	Ribera Alta del Ebro	2011	4	CHA	1238,0
15	Ribera Alta del Ebro	2011	5	IU	600,0
15	Ribera Alta del Ebro	2011	6	UPyD	130,0
15	Ribera Alta del Ebro	2011	8	FIA	15,0
15	Ribera Alta del Ebro	2015	1	PP	3830,0
15	Ribera Alta del Ebro	2015	2	PSOE	5810,0
15	Ribera Alta del Ebro	2015	4	C's	164,0
15	Ribera Alta del Ebro	2015	5	PAR	1297,0
15	Ribera Alta del Ebro	2015	7	CHA	1249,0
15	Ribera Alta del Ebro	2015	8	PP	113,0
15	Ribera Alta del Ebro	2015	13	ARAGONSIPUEDE	536,0
15	Ribera Alta del Ebro	2015	19	PSOE	198,0
15	Ribera Alta del Ebro	2015	30	BAR	19,0
15	Ribera Alta del Ebro	2015	33	IU-ZGZ	369,0
15	Ribera Alta del Ebro	2015	41	CCA-ZGZ	479,0
16	Valdejalón	2007	1	PSOE	5502,0
16	Valdejalón	2007	2	PP	3940,0
16	Valdejalón	2007	3	PAR	2978,0
16	Valdejalón	2007	4	CHA	2446,0
16	Valdejalón	2007	5	IU	64,0
16	Valdejalón	2007	6	LV-FIA	78,0
16	Valdejalón	2011	1	PP	5057,0
16	Valdejalón	2011	2	PSOE	5112,0
16	Valdejalón	2011	3	PAR	1506,0
16	Valdejalón	2011	4	CHA	1749,0
16	Valdejalón	2011	5	IU	228,0
16	Valdejalón	2011	6	UPyD	111,0
16	Valdejalón	2011	7	COMPROMISO CON ARAGON	8,0
16	Valdejalón	2011	8	FIA	456,0
16	Valdejalón	2011	12	CDL	258,0
16	Valdejalón	2015	1	PP	3832,0
16	Valdejalón	2015	2	PSOE	5098,0
16	Valdejalón	2015	4	C's	215,0
16	Valdejalón	2015	5	PAR	1689,0
16	Valdejalón	2015	7	CHA	1143,0
16	Valdejalón	2015	33	IU-ZGZ	211,0
16	Valdejalón	2015	40	SOMOS EPILA	482,0
16	Valdejalón	2015	44	FIA	17,0
16	Valdejalón	2015	55	GLM-ZGZ	214,0
16	Valdejalón	2015	56	ZGZ	213,0
17	D.C. Zaragoza	2007	1	PSOE	127079,0
17	D.C. Zaragoza	2007	2	PP	111253,0
17	D.C. Zaragoza	2007	3	PAR	30361,0
17	D.C. Zaragoza	2007	4	CHA	32498,0
17	D.C. Zaragoza	2007	5	IU	16978,0
17	D.C. Zaragoza	2007	6	LV-FIA	2078,0
17	D.C. Zaragoza	2007	8	PCUA	1192,0
17	D.C. Zaragoza	2007	9	CDL	1030,0
17	D.C. Zaragoza	2007	11	PACMA	916,0
17	D.C. Zaragoza	2007	12	CIPV	888,0
17	D.C. Zaragoza	2007	15	PUM+J	521,0
17	D.C. Zaragoza	2007	16	PFYV	455,0
17	D.C. Zaragoza	2007	17	PH	241,0
17	D.C. Zaragoza	2007	23	CAVA	108,0
17	D.C. Zaragoza	2007	24	PSD	104,0
17	D.C. Zaragoza	2007	40	PAVIP	26,0
17	D.C. Zaragoza	2011	1	PP	142726,0
17	D.C. Zaragoza	2011	2	PSOE	96728,0
17	D.C. Zaragoza	2011	3	PAR	20224,0
17	D.C. Zaragoza	2011	4	CHA	32965,0
17	D.C. Zaragoza	2011	5	IU	26162,0
17	D.C. Zaragoza	2011	6	UPyD	11810,0
17	D.C. Zaragoza	2011	7	COMPROMISO CON ARAGON	1257,0
17	D.C. Zaragoza	2011	8	FIA	1391,0
17	D.C. Zaragoza	2011	9	ECOLO	1577,0
17	D.C. Zaragoza	2011	10	LV-GV	1505,0
17	D.C. Zaragoza	2011	11	PACMA	1051,0
17	D.C. Zaragoza	2011	12	CDL	686,0
17	D.C. Zaragoza	2011	14	PUM+J	587,0
17	D.C. Zaragoza	2011	15	TA	499,0
17	D.C. Zaragoza	2011	16	pCUA	465,0
17	D.C. Zaragoza	2011	17	AES	235,0
17	D.C. Zaragoza	2011	18	PCPE	384,0
17	D.C. Zaragoza	2011	19	PFyV	301,0
17	D.C. Zaragoza	2011	21	PH	271,0
17	D.C. Zaragoza	2011	22	L'VIA	227,0
17	D.C. Zaragoza	2011	23	ACC	221,0
17	D.C. Zaragoza	2011	27	CAVA	65,0
17	D.C. Zaragoza	2015	1	PP	96846,0
17	D.C. Zaragoza	2015	2	PSOE	70735,0
17	D.C. Zaragoza	2015	3	ZGZ	80040,0
17	D.C. Zaragoza	2015	4	C's	43104,0
17	D.C. Zaragoza	2015	5	PAR	13893,0
17	D.C. Zaragoza	2015	7	CHA	25119,0
17	D.C. Zaragoza	2015	9	UPyD	4931,0
17	D.C. Zaragoza	2015	10	EB	4773,0
17	D.C. Zaragoza	2015	11	PACMA	3840,0
17	D.C. Zaragoza	2015	12	COMPROMISO CON ARAGON	2392,0
17	D.C. Zaragoza	2015	13	ARAGONSIPUEDE	582,0
17	D.C. Zaragoza	2015	14	LV-GV	1818,0
17	D.C. Zaragoza	2015	17	IU-ZGZ	1519,0
17	D.C. Zaragoza	2015	18	P.C.P.E.	899,0
17	D.C. Zaragoza	2015	22	M.S.R.	629,0
17	D.C. Zaragoza	2015	28	FIA	482,0
17	D.C. Zaragoza	2015	30	BAR	532,0
17	D.C. Zaragoza	2015	32	E.A.	454,0
17	D.C. Zaragoza	2015	33	IU-ZGZ	238,0
17	D.C. Zaragoza	2015	37	SZ - ZGZ	595,0
17	D.C. Zaragoza	2015	43	FIA-PILL	442,0
17	D.C. Zaragoza	2015	44	FIA	304,0
17	D.C. Zaragoza	2015	46	UNIÓN UTEBO	350,0
17	D.C. Zaragoza	2015	54	ZGZ	242,0
17	D.C. Zaragoza	2015	61	GA-ZGZ	172,0
17	D.C. Zaragoza	2015	84	A.E.L.H.A.	42,0
18	Ribera Baja del Ebro	2007	1	PSOE	2543,0
18	Ribera Baja del Ebro	2007	2	PP	1536,0
18	Ribera Baja del Ebro	2007	3	PAR	976,0
18	Ribera Baja del Ebro	2007	4	CHA	605,0
18	Ribera Baja del Ebro	2007	5	IU	3,0
18	Ribera Baja del Ebro	2011	1	PP	1599,0
18	Ribera Baja del Ebro	2011	2	PSOE	2409,0
18	Ribera Baja del Ebro	2011	3	PAR	900,0
18	Ribera Baja del Ebro	2011	4	CHA	496,0
18	Ribera Baja del Ebro	2011	5	IU	3,0
18	Ribera Baja del Ebro	2015	1	PP	1138,0
18	Ribera Baja del Ebro	2015	2	PSOE	1543,0
18	Ribera Baja del Ebro	2015	5	PAR	711,0
18	Ribera Baja del Ebro	2015	6	PSOE	640,0
18	Ribera Baja del Ebro	2015	7	CHA	578,0
18	Ribera Baja del Ebro	2015	8	PP	375,0
18	Ribera Baja del Ebro	2015	10	EB	10,0
18	Ribera Baja del Ebro	2015	59	A.V.P.	184,0
19	Bajo Aragón-Caspe / Baix Aragó-Casp	2007	1	PSOE	3140,0
19	Bajo Aragón-Caspe / Baix Aragó-Casp	2007	2	PP	1937,0
19	Bajo Aragón-Caspe / Baix Aragó-Casp	2007	3	PAR	1030,0
19	Bajo Aragón-Caspe / Baix Aragó-Casp	2007	4	CHA	395,0
19	Bajo Aragón-Caspe / Baix Aragó-Casp	2007	5	IU	177,0
19	Bajo Aragón-Caspe / Baix Aragó-Casp	2007	7	CPC	1640,0
19	Bajo Aragón-Caspe / Baix Aragó-Casp	2011	1	PP	2292,0
19	Bajo Aragón-Caspe / Baix Aragó-Casp	2011	2	PSOE	2608,0
19	Bajo Aragón-Caspe / Baix Aragó-Casp	2011	3	PAR	1008,0
19	Bajo Aragón-Caspe / Baix Aragó-Casp	2011	4	CHA	645,0
19	Bajo Aragón-Caspe / Baix Aragó-Casp	2011	13	CPC	862,0
19	Bajo Aragón-Caspe / Baix Aragó-Casp	2015	1	PP	1974,0
19	Bajo Aragón-Caspe / Baix Aragó-Casp	2015	2	PSOE	2146,0
19	Bajo Aragón-Caspe / Baix Aragó-Casp	2015	4	C's	167,0
19	Bajo Aragón-Caspe / Baix Aragó-Casp	2015	5	PAR	250,0
19	Bajo Aragón-Caspe / Baix Aragó-Casp	2015	6	PSOE	556,0
19	Bajo Aragón-Caspe / Baix Aragó-Casp	2015	8	PP	588,0
19	Bajo Aragón-Caspe / Baix Aragó-Casp	2015	13	ARAGONSIPUEDE	420,0
19	Bajo Aragón-Caspe / Baix Aragó-Casp	2015	26	CHA	730,0
20	Comunidad de Calatayud	2007	1	PSOE	9134,0
20	Comunidad de Calatayud	2007	2	PP	7743,0
20	Comunidad de Calatayud	2007	3	PAR	5368,0
20	Comunidad de Calatayud	2007	4	CHA	1715,0
20	Comunidad de Calatayud	2007	5	IU	245,0
20	Comunidad de Calatayud	2007	22	IA	128,0
20	Comunidad de Calatayud	2011	1	PP	8339,0
20	Comunidad de Calatayud	2011	2	PSOE	8323,0
20	Comunidad de Calatayud	2011	3	PAR	4888,0
20	Comunidad de Calatayud	2011	4	CHA	1173,0
20	Comunidad de Calatayud	2011	5	IU	323,0
20	Comunidad de Calatayud	2011	6	UPyD	140,0
20	Comunidad de Calatayud	2011	8	FIA	166,0
20	Comunidad de Calatayud	2011	35	A E I SABIÑAN	29,0
20	Comunidad de Calatayud	2015	1	PP	5005,0
20	Comunidad de Calatayud	2015	2	PSOE	5062,0
20	Comunidad de Calatayud	2015	4	C's	1405,0
20	Comunidad de Calatayud	2015	5	PAR	4147,0
20	Comunidad de Calatayud	2015	6	PSOE	1935,0
20	Comunidad de Calatayud	2015	7	CHA	1049,0
20	Comunidad de Calatayud	2015	8	PP	1392,0
20	Comunidad de Calatayud	2015	13	ARAGONSIPUEDE	500,0
20	Comunidad de Calatayud	2015	33	IU-ZGZ	14,0
20	Comunidad de Calatayud	2015	52	CALATAYUD PLURAL - ZGZ	276,0
20	Comunidad de Calatayud	2015	62	IP ATECA - ZGZ	156,0
20	Comunidad de Calatayud	2015	77	AGRUPACION DE ELECTORES TODOS CERVERA	68,0
20	Comunidad de Calatayud	2015	92	COMIENZOS NUEVOS	15,0
21	Campo de Cariñena	2007	1	PSOE	2558,0
21	Campo de Cariñena	2007	2	PP	1565,0
21	Campo de Cariñena	2007	3	PAR	1373,0
21	Campo de Cariñena	2007	4	CHA	1007,0
21	Campo de Cariñena	2007	5	IU	22,0
21	Campo de Cariñena	2007	21	GIC	154,0
21	Campo de Cariñena	2011	1	PP	1656,0
21	Campo de Cariñena	2011	2	PSOE	3017,0
21	Campo de Cariñena	2011	3	PAR	1159,0
21	Campo de Cariñena	2011	4	CHA	843,0
21	Campo de Cariñena	2011	5	IU	25,0
21	Campo de Cariñena	2011	30	PIRUM	47,0
21	Campo de Cariñena	2015	1	PP	1006,0
21	Campo de Cariñena	2015	2	PSOE	2025,0
21	Campo de Cariñena	2015	4	C's	214,0
21	Campo de Cariñena	2015	5	PAR	933,0
21	Campo de Cariñena	2015	6	PSOE	591,0
21	Campo de Cariñena	2015	7	CHA	749,0
21	Campo de Cariñena	2015	8	PP	255,0
21	Campo de Cariñena	2015	12	COMPROMISO CON ARAGON	112,0
21	Campo de Cariñena	2015	24	CHA	21,0
21	Campo de Cariñena	2015	88	JUNTOS POR ALADRÉN	23,0
22	Campo de Belchite	2007	1	PSOE	1798,0
22	Campo de Belchite	2007	2	PP	766,0
22	Campo de Belchite	2007	3	PAR	1313,0
22	Campo de Belchite	2007	4	CHA	99,0
22	Campo de Belchite	2007	5	IU	45,0
22	Campo de Belchite	2007	31	UCL	55,0
22	Campo de Belchite	2011	1	PP	956,0
22	Campo de Belchite	2011	2	PSOE	1591,0
22	Campo de Belchite	2011	3	PAR	1202,0
22	Campo de Belchite	2011	4	CHA	26,0
22	Campo de Belchite	2011	5	IU	7,0
22	Campo de Belchite	2011	32	UCL	43,0
22	Campo de Belchite	2015	1	PP	1034,0
22	Campo de Belchite	2015	2	PSOE	1203,0
22	Campo de Belchite	2015	4	C's	31,0
22	Campo de Belchite	2015	5	PAR	958,0
22	Campo de Belchite	2015	7	CHA	60,0
22	Campo de Belchite	2015	12	COMPROMISO CON ARAGON	50,0
22	Campo de Belchite	2015	17	IU-ZGZ	8,0
22	Campo de Belchite	2015	30	BAR	1,0
23	Bajo Martín	2007	1	PSOE	2430,0
23	Bajo Martín	2007	2	PP	1497,0
23	Bajo Martín	2007	3	PAR	390,0
23	Bajo Martín	2007	4	CHA	418,0
23	Bajo Martín	2007	5	IU	150,0
23	Bajo Martín	2007	37	CDIG	31,0
23	Bajo Martín	2011	1	PP	1344,0
23	Bajo Martín	2011	2	PSOE	1938,0
23	Bajo Martín	2011	3	PAR	646,0
23	Bajo Martín	2011	4	CHA	163,0
23	Bajo Martín	2011	5	IU	319,0
23	Bajo Martín	2011	8	FIA	36,0
23	Bajo Martín	2015	4	C's	38,0
23	Bajo Martín	2015	5	PAR	374,0
23	Bajo Martín	2015	6	PSOE	1325,0
23	Bajo Martín	2015	8	PP	1335,0
23	Bajo Martín	2015	26	CHA	20,0
23	Bajo Martín	2015	39	G:IU-LV	417,0
23	Bajo Martín	2015	45	G:IU-LV	32,0
23	Bajo Martín	2015	51	G:IU-LV	277,0
23	Bajo Martín	2015	90	YA	19,0
24	Campo de Daroca	2007	1	PSOE	1551,0
24	Campo de Daroca	2007	2	PP	1230,0
24	Campo de Daroca	2007	3	PAR	1682,0
24	Campo de Daroca	2007	4	CHA	221,0
24	Campo de Daroca	2007	5	IU	49,0
24	Campo de Daroca	2007	39	IND	27,0
24	Campo de Daroca	2011	1	PP	1114,0
24	Campo de Daroca	2011	2	PSOE	1469,0
24	Campo de Daroca	2011	3	PAR	1666,0
24	Campo de Daroca	2011	4	CHA	208,0
24	Campo de Daroca	2011	5	IU	41,0
24	Campo de Daroca	2011	7	COMPROMISO CON ARAGON	14,0
24	Campo de Daroca	2015	1	PP	835,0
24	Campo de Daroca	2015	2	PSOE	1234,0
24	Campo de Daroca	2015	5	PAR	1118,0
24	Campo de Daroca	2015	6	PSOE	223,0
24	Campo de Daroca	2015	7	CHA	256,0
24	Campo de Daroca	2015	8	PP	111,0
24	Campo de Daroca	2015	66	I.P.H.	133,0
24	Campo de Daroca	2015	72	IU	88,0
25	Jiloca	2007	1	PSOE	2847,0
25	Jiloca	2007	2	PP	2290,0
25	Jiloca	2007	3	PAR	2659,0
25	Jiloca	2007	4	CHA	722,0
25	Jiloca	2007	5	IU	6,0
25	Jiloca	2011	1	PP	2253,0
25	Jiloca	2011	2	PSOE	2384,0
25	Jiloca	2011	3	PAR	2632,0
25	Jiloca	2011	4	CHA	402,0
25	Jiloca	2011	5	IU	16,0
25	Jiloca	2011	7	COMPROMISO CON ARAGON	306,0
25	Jiloca	2011	8	FIA	104,0
25	Jiloca	2015	4	C's	53,0
25	Jiloca	2015	5	PAR	2417,0
25	Jiloca	2015	6	PSOE	1981,0
25	Jiloca	2015	7	CHA	341,0
25	Jiloca	2015	8	PP	1534,0
25	Jiloca	2015	12	COMPROMISO CON ARAGON	269,0
26	Cuencas Mineras	2007	1	PSOE	2239,0
26	Cuencas Mineras	2007	2	PP	840,0
26	Cuencas Mineras	2007	3	PAR	1837,0
26	Cuencas Mineras	2007	4	CHA	516,0
26	Cuencas Mineras	2007	5	IU	359,0
26	Cuencas Mineras	2011	1	PP	959,0
26	Cuencas Mineras	2011	2	PSOE	2127,0
26	Cuencas Mineras	2011	3	PAR	741,0
26	Cuencas Mineras	2011	4	CHA	485,0
26	Cuencas Mineras	2011	5	IU	201,0
26	Cuencas Mineras	2011	7	COMPROMISO CON ARAGON	1163,0
26	Cuencas Mineras	2011	8	FIA	3,0
26	Cuencas Mineras	2015	4	C's	23,0
26	Cuencas Mineras	2015	5	PAR	938,0
26	Cuencas Mineras	2015	6	PSOE	1751,0
26	Cuencas Mineras	2015	7	CHA	401,0
26	Cuencas Mineras	2015	8	PP	587,0
26	Cuencas Mineras	2015	12	COMPROMISO CON ARAGON	1145,0
26	Cuencas Mineras	2015	28	FIA	8,0
26	Cuencas Mineras	2015	57	G:IU-LV	44,0
26	Cuencas Mineras	2015	64	C.S.I.E	148,0
26	Cuencas Mineras	2015	74	G:IU-LV	90,0
26	Cuencas Mineras	2015	75	G:IU-LV	90,0
27	Andorra-Sierra de Arcos	2007	1	PSOE	2097,0
27	Andorra-Sierra de Arcos	2007	2	PP	1942,0
27	Andorra-Sierra de Arcos	2007	3	PAR	626,0
27	Andorra-Sierra de Arcos	2007	4	CHA	227,0
27	Andorra-Sierra de Arcos	2007	5	IU	2008,0
27	Andorra-Sierra de Arcos	2011	1	PP	1868,0
27	Andorra-Sierra de Arcos	2011	2	PSOE	1750,0
27	Andorra-Sierra de Arcos	2011	3	PAR	854,0
27	Andorra-Sierra de Arcos	2011	4	CHA	283,0
27	Andorra-Sierra de Arcos	2011	5	IU	1597,0
27	Andorra-Sierra de Arcos	2011	7	COMPROMISO CON ARAGON	117,0
27	Andorra-Sierra de Arcos	2011	38	DN	11,0
27	Andorra-Sierra de Arcos	2015	5	PAR	1058,0
27	Andorra-Sierra de Arcos	2015	6	PSOE	1616,0
27	Andorra-Sierra de Arcos	2015	7	CHA	440,0
27	Andorra-Sierra de Arcos	2015	8	PP	1117,0
27	Andorra-Sierra de Arcos	2015	12	COMPROMISO CON ARAGON	58,0
27	Andorra-Sierra de Arcos	2015	27	G:IU-LV	1183,0
27	Andorra-Sierra de Arcos	2015	49	Asamblea Abierta	303,0
27	Andorra-Sierra de Arcos	2015	57	G:IU-LV	45,0
28	Bajo Aragón	2007	1	PSOE	5527,0
28	Bajo Aragón	2007	2	PP	4797,0
28	Bajo Aragón	2007	3	PAR	3313,0
28	Bajo Aragón	2007	4	CHA	396,0
28	Bajo Aragón	2007	5	IU	2364,0
28	Bajo Aragón	2007	36	FIA	41,0
28	Bajo Aragón	2011	1	PP	5004,0
28	Bajo Aragón	2011	2	PSOE	4571,0
28	Bajo Aragón	2011	3	PAR	4208,0
28	Bajo Aragón	2011	4	CHA	377,0
28	Bajo Aragón	2011	5	IU	1554,0
28	Bajo Aragón	2011	7	COMPROMISO CON ARAGON	128,0
28	Bajo Aragón	2011	8	FIA	27,0
28	Bajo Aragón	2015	4	C's	387,0
28	Bajo Aragón	2015	5	PAR	2675,0
28	Bajo Aragón	2015	6	PSOE	4432,0
28	Bajo Aragón	2015	8	PP	4919,0
28	Bajo Aragón	2015	20	G:IU-LV	1335,0
28	Bajo Aragón	2015	26	CHA	354,0
28	Bajo Aragón	2015	39	G:IU-LV	40,0
28	Bajo Aragón	2015	45	G:IU-LV	165,0
28	Bajo Aragón	2015	53	G:IU-LV	272,0
28	Bajo Aragón	2015	58	G.B.A.	200,0
29	Comunidad de Teruel	2007	1	PSOE	8061,0
29	Comunidad de Teruel	2007	2	PP	8876,0
29	Comunidad de Teruel	2007	3	PAR	4452,0
29	Comunidad de Teruel	2007	4	CHA	1834,0
29	Comunidad de Teruel	2007	5	IU	876,0
29	Comunidad de Teruel	2007	8	PCUA	115,0
29	Comunidad de Teruel	2007	38	FAMILIA Y V	30,0
29	Comunidad de Teruel	2011	1	PP	11099,0
29	Comunidad de Teruel	2011	2	PSOE	6250,0
29	Comunidad de Teruel	2011	3	PAR	2409,0
29	Comunidad de Teruel	2011	4	CHA	1581,0
29	Comunidad de Teruel	2011	5	IU	1347,0
29	Comunidad de Teruel	2011	6	UPyD	354,0
29	Comunidad de Teruel	2011	7	COMPROMISO CON ARAGON	838,0
29	Comunidad de Teruel	2015	4	C's	1606,0
29	Comunidad de Teruel	2015	5	PAR	2979,0
29	Comunidad de Teruel	2015	6	PSOE	5901,0
29	Comunidad de Teruel	2015	7	CHA	1530,0
29	Comunidad de Teruel	2015	8	PP	7994,0
29	Comunidad de Teruel	2015	10	EB	133,0
29	Comunidad de Teruel	2015	12	COMPROMISO CON ARAGON	418,0
29	Comunidad de Teruel	2015	16	G:IU-LV	2491,0
29	Comunidad de Teruel	2015	28	FIA	60,0
29	Comunidad de Teruel	2015	39	G:IU-LV	37,0
29	Comunidad de Teruel	2015	45	G:IU-LV	199,0
29	Comunidad de Teruel	2015	57	G:IU-LV	46,0
29	Comunidad de Teruel	2015	93	PNP	14,0
30	Maestrazgo	2007	1	PSOE	859,0
30	Maestrazgo	2007	2	PP	885,0
30	Maestrazgo	2007	3	PAR	908,0
30	Maestrazgo	2007	4	CHA	35,0
30	Maestrazgo	2007	5	IU	1,0
30	Maestrazgo	2011	1	PP	780,0
30	Maestrazgo	2011	2	PSOE	759,0
30	Maestrazgo	2011	3	PAR	820,0
30	Maestrazgo	2011	4	CHA	79,0
30	Maestrazgo	2011	5	IU	18,0
30	Maestrazgo	2015	4	C's	77,0
30	Maestrazgo	2015	5	PAR	742,0
30	Maestrazgo	2015	6	PSOE	464,0
30	Maestrazgo	2015	7	CHA	10,0
30	Maestrazgo	2015	8	PP	730,0
30	Maestrazgo	2015	79	UxA	60,0
31	Sierra de Albarracín	2007	1	PSOE	1171,0
31	Sierra de Albarracín	2007	2	PP	1010,0
31	Sierra de Albarracín	2007	3	PAR	1100,0
31	Sierra de Albarracín	2007	4	CHA	206,0
31	Sierra de Albarracín	2007	5	IU	77,0
31	Sierra de Albarracín	2011	1	PP	1073,0
31	Sierra de Albarracín	2011	2	PSOE	1100,0
31	Sierra de Albarracín	2011	3	PAR	1059,0
31	Sierra de Albarracín	2011	4	CHA	197,0
31	Sierra de Albarracín	2011	5	IU	42,0
31	Sierra de Albarracín	2011	7	COMPROMISO CON ARAGON	55,0
31	Sierra de Albarracín	2015	4	C's	176,0
31	Sierra de Albarracín	2015	5	PAR	956,0
31	Sierra de Albarracín	2015	6	PSOE	875,0
31	Sierra de Albarracín	2015	7	CHA	409,0
31	Sierra de Albarracín	2015	8	PP	774,0
31	Sierra de Albarracín	2015	12	COMPROMISO CON ARAGON	79,0
31	Sierra de Albarracín	2015	57	G:IU-LV	12,0
32	Gúdar-Javalambre	2007	1	PSOE	1880,0
32	Gúdar-Javalambre	2007	2	PP	1425,0
32	Gúdar-Javalambre	2007	3	PAR	1459,0
32	Gúdar-Javalambre	2007	4	CHA	141,0
32	Gúdar-Javalambre	2007	5	IU	196,0
32	Gúdar-Javalambre	2007	8	PCUA	258,0
32	Gúdar-Javalambre	2007	30	IPN	64,0
32	Gúdar-Javalambre	2011	1	PP	1658,0
32	Gúdar-Javalambre	2011	2	PSOE	1994,0
32	Gúdar-Javalambre	2011	3	PAR	1382,0
32	Gúdar-Javalambre	2011	4	CHA	92,0
32	Gúdar-Javalambre	2011	5	IU	145,0
32	Gúdar-Javalambre	2011	7	COMPROMISO CON ARAGON	22,0
32	Gúdar-Javalambre	2011	9	ECOLO	26,0
32	Gúdar-Javalambre	2011	39	LVE	3,0
32	Gúdar-Javalambre	2015	5	PAR	1535,0
32	Gúdar-Javalambre	2015	6	PSOE	1598,0
32	Gúdar-Javalambre	2015	7	CHA	153,0
32	Gúdar-Javalambre	2015	8	PP	1331,0
32	Gúdar-Javalambre	2015	39	G:IU-LV	33,0
32	Gúdar-Javalambre	2015	57	G:IU-LV	57,0
33	Matarraña / Matarranya	2007	1	PSOE	1744,0
33	Matarraña / Matarranya	2007	2	PP	1757,0
33	Matarraña / Matarranya	2007	3	PAR	1787,0
33	Matarraña / Matarranya	2007	4	CHA	254,0
33	Matarraña / Matarranya	2007	5	IU	57,0
33	Matarraña / Matarranya	2007	29	L'ENTESA	69,0
33	Matarraña / Matarranya	2011	1	PP	2098,0
33	Matarraña / Matarranya	2011	2	PSOE	1442,0
33	Matarraña / Matarranya	2011	3	PAR	1300,0
33	Matarraña / Matarranya	2011	4	CHA	239,0
33	Matarraña / Matarranya	2011	26	ESQUERRA-AM	66,0
33	Matarraña / Matarranya	2015	5	PAR	1104,0
33	Matarraña / Matarranya	2015	6	PSOE	1453,0
33	Matarraña / Matarranya	2015	7	CHA	254,0
33	Matarraña / Matarranya	2015	8	PP	1981,0
33	Matarraña / Matarranya	2015	26	CHA	98,0